file,adults,life_stage
,,
d_plexippus7205170.jpg,1,-
,,
d_plexippus7205171.jpg,1,-
,,
d_plexippus7205172.jpg,1,-
,,
d_plexippus7205173.jpg,1,-
,,
d_plexippus7205316.jpg,0,L
,,
d_plexippus7205658.jpg,1,-
,,
d_plexippus7206898.jpg,1,-
,,
d_plexippus7210643.jpg,0,L
,,
d_plexippus7213288.jpg,1,-
,,
d_plexippus7216448.jpg,1,-
,,
d_plexippus7221868.jpg,0,L
,,
d_plexippus7222831.jpg,1,-
,,
d_plexippus7223444.jpg,1,-
,,
d_plexippus7224538.jpg,1,-
,,
d_plexippus7224568.jpg,1,-
,,
d_plexippus7225884.jpg,0,L
,,
d_plexippus7225992.jpg,1,-
,,
d_plexippus7226329.jpg,1,-
,,
d_plexippus7229135.jpg,1,-
,,
d_plexippus7229961.jpg,0,E
,,
d_plexippus7231229.jpg,1,-
,,
d_plexippus7235099.jpg,1,-
,,
d_plexippus7235714.jpg,0,L
,,
d_plexippus7236493.jpg,1,-
,,
d_plexippus7237264.jpg,1,-
,,
d_plexippus7237424.jpg,1,-
,,
d_plexippus7237556.jpg,1,-
,,
d_plexippus7238117.jpg,1,-
,,
d_plexippus7238676.jpg,1,-
,,
d_plexippus7238682.jpg,1,-
,,
d_plexippus7239070.jpg,0,L
,,
d_plexippus7240137.jpg,1,-
,,
d_plexippus7242144.jpg,1,-
,,
d_plexippus7242897.jpg,0,L
,,
d_plexippus7243643.jpg,1,-
,,
d_plexippus7243654.jpg,1,-
,,
d_plexippus7243708.jpg,0,L
,,
d_plexippus7243738.jpg,1,-
,,
d_plexippus7245262.jpg,1,-
,,
d_plexippus7245546.jpg,1,-
,,
d_plexippus7245801.jpg,1,-
,,
d_plexippus7245809.jpg,1,-
,,
d_plexippus7247116.jpg,0,L
,,
d_plexippus7248108.jpg,1,-
,,
d_plexippus7248213.jpg,1,-
,,
d_plexippus7248369.jpg,1,-
,,
d_plexippus7250151.jpg,1,-
,,
d_plexippus7250546.jpg,0,E
,,
d_plexippus7250878.jpg,1,-
,,
d_plexippus7253141.jpg,1,-
,,
d_plexippus7253791.jpg,0,L
,,
d_plexippus7256146.jpg,1,-
,,
d_plexippus7256562.jpg,1,-
,,
d_plexippus7256668.jpg,1,-
,,
d_plexippus7257033.jpg,1,-
,,
d_plexippus7257059.jpg,1,-
,,
d_plexippus7258124.jpg,1,-
,,
d_plexippus7260378.jpg,0,L
,,
d_plexippus7260624.jpg,0,L
,,
d_plexippus7260979.jpg,1,-
,,
d_plexippus7263134.jpg,1,-
,,
d_plexippus7263708.jpg,1,-
,,
d_plexippus7263906.jpg,1,-
,,
d_plexippus7264832.jpg,1,-
,,
d_plexippus7264861.jpg,0,E
,,
d_plexippus7265051.jpg,1,-
,,
d_plexippus7265645.jpg,1,-
,,
d_plexippus7265915.jpg,1,-
,,
d_plexippus7266318.jpg,1,-
,,
d_plexippus7267044.jpg,1,-
,,
d_plexippus7267257.jpg,1,-
,,
d_plexippus7267280.jpg,1,-
,,
d_plexippus7268417.jpg,1,-
,,
d_plexippus7271120.jpg,1,-
,,
d_plexippus7271217.jpg,0,L
,,
d_plexippus7271875.jpg,1,-
,,
d_plexippus7272715.jpg,0,E
,,
d_plexippus7272758.jpg,1,-
,,
d_plexippus7273131.jpg,1,-
,,
d_plexippus7273138.jpg,1,-
,,
d_plexippus7275957.jpg,1,-
,,
d_plexippus7276745.jpg,1,-
,,
d_plexippus7278145.jpg,1,-
,,
d_plexippus7278347.jpg,1,-
,,
d_plexippus7278925.jpg,1,-
,,
d_plexippus7279092.jpg,0,L
,,
d_plexippus7280710.jpg,0,L
,,
d_plexippus7280841.jpg,1,-
,,
d_plexippus7280979.jpg,1,-
,,
d_plexippus7280985.jpg,1,-
,,
d_plexippus7281016.jpg,1,-
,,
d_plexippus7281306.jpg,1,-
,,
d_plexippus7281566.jpg,1,-
,,
d_plexippus7282370.jpg,0,L
,,
d_plexippus7283640.jpg,1,-
,,
d_plexippus7284005.jpg,1,-
,,
d_plexippus7284195.jpg,1,-
,,
d_plexippus7284952.jpg,1,-
,,
d_plexippus7285398.jpg,0,L
,,
d_plexippus7288029.jpg,1,-
,,
d_plexippus7288834.jpg,1,-
,,
d_plexippus7289411.jpg,1,-
,,
d_plexippus7290708.jpg,1,-
,,
d_plexippus7292259.jpg,1,-
,,
d_plexippus7292470.jpg,1,-
,,
d_plexippus7293895.jpg,1,-
,,
d_plexippus7294325.jpg,1,-
,,
d_plexippus7296026.jpg,1,-
,,
d_plexippus7296620.jpg,1,-
,,
d_plexippus7296933.jpg,0,L
,,
d_plexippus7297373.jpg,1,-
,,
d_plexippus7297448.jpg,1,-
,,
d_plexippus7298693.jpg,1,-
,,
d_plexippus7299280.jpg,1,-
,,
d_plexippus7299865.jpg,1,-
,,
d_plexippus7300658.jpg,1,-
,,
d_plexippus7301150.jpg,1,-
,,
d_plexippus7302699.jpg,1,-
,,
d_plexippus7305301.jpg,1,-
,,
d_plexippus7305695.jpg,0,L
,,
d_plexippus7307400.jpg,1,-
,,
d_plexippus7308430.jpg,1,-
,,
d_plexippus7308884.jpg,1,-
,,
d_plexippus7309695.jpg,1,-
,,
d_plexippus7309720.jpg,1,-
,,
d_plexippus7310181.jpg,0,L
,,
d_plexippus7310659.jpg,1,-
,,
d_plexippus7311413.jpg,1,-
,,
d_plexippus7311423.jpg,1,-
,,
d_plexippus7313054.jpg,1,-
,,
d_plexippus7313273.jpg,1,-
,,
d_plexippus7313701.jpg,1,-
,,
d_plexippus7313774.jpg,1,-
,,
d_plexippus7314599.jpg,1,-
,,
d_plexippus7314834.jpg,1,-
,,
d_plexippus7314849.jpg,1,-
,,
d_plexippus7315295.jpg,0,L
,,
d_plexippus7317588.jpg,1,-
,,
d_plexippus7317619.jpg,1,-
,,
d_plexippus7319058.jpg,0,L
,,
d_plexippus7319477.jpg,1,-
,,
d_plexippus7319596.jpg,1,-
,,
d_plexippus7319970.jpg,1,-
,,
d_plexippus7319972.jpg,1,-
,,
d_plexippus7320659.jpg,1,-
,,
d_plexippus7320770.jpg,1,-
,,
d_plexippus7321493.jpg,1,-
,,
d_plexippus7322020.jpg,0,L
,,
d_plexippus7323105.jpg,1,-
,,
d_plexippus7324400.jpg,1,-
,,
d_plexippus7324461.jpg,0,L
,,
d_plexippus7325772.jpg,1,-
,,
d_plexippus7325777.jpg,1,-
,,
d_plexippus7325779.jpg,0,L
,,
d_plexippus7325781.jpg,1,-
,,
d_plexippus7325790.jpg,1,-
,,
d_plexippus7325829.jpg,0,L
,,
d_plexippus7326360.jpg,0,P
,,
d_plexippus7327680.jpg,1,-
,,
d_plexippus7327977.jpg,1,-
,,
d_plexippus7328014.jpg,0,E
,,
d_plexippus7332389.jpg,1,-
,,
d_plexippus7332493.jpg,1,-
,,
d_plexippus7337005.jpg,0,L
,,
d_plexippus7337222.jpg,0,L
,,
d_plexippus7337968.jpg,1,-
,,
d_plexippus7337969.jpg,1,-
,,
d_plexippus7339370.jpg,1,-
,,
d_plexippus7339565.jpg,1,-
,,
d_plexippus7340056.jpg,1,-
,,
d_plexippus7341007.jpg,1,-
,,
d_plexippus7342001.jpg,1,-
,,
d_plexippus7342010.jpg,1,-
,,
d_plexippus7342011.jpg,1,-
,,
d_plexippus7345720.jpg,1,-
,,
d_plexippus7349631.jpg,1,-
,,
d_plexippus7350938.jpg,1,-
,,
d_plexippus7352250.jpg,1,-
,,
d_plexippus7352262.jpg,1,-
,,
d_plexippus7352572.jpg,1,-
,,
d_plexippus7352581.jpg,1,-
,,
d_plexippus7352688.jpg,1,-
,,
d_plexippus7352772.jpg,1,-
,,
d_plexippus7353313.jpg,1,-
,,
d_plexippus7353326.jpg,0,L
,,
d_plexippus7353365.jpg,0,L
,,
d_plexippus7353726.jpg,0,L
,,
d_plexippus7354144.jpg,1,-
,,
d_plexippus7354176.jpg,1,-
,,
d_plexippus7354676.jpg,1,-
,,
d_plexippus7354909.jpg,1,-
,,
d_plexippus7355020.jpg,1,-
,,
d_plexippus7355034.jpg,1,-
,,
d_plexippus7358499.jpg,1,-
,,
d_plexippus7358938.jpg,1,-
,,
d_plexippus7362802.jpg,1,-
,,
d_plexippus7364132.jpg,1,-
,,
d_plexippus7364397.jpg,1,-
,,
d_plexippus7365235.jpg,1,-
,,
d_plexippus7365263.jpg,0,L
,,
d_plexippus7365531.jpg,1,-
,,
d_plexippus7365610.jpg,0,L
,,
d_plexippus7366544.jpg,1,-
,,
d_plexippus7368725.jpg,0,L
,,
d_plexippus7368734.jpg,1,-
,,
d_plexippus7368893.jpg,1,-
,,
d_plexippus7369452.jpg,1,-
,,
d_plexippus7371270.jpg,1,-
,,
d_plexippus7373381.jpg,1,-
,,
d_plexippus7374240.jpg,1,-
,,
d_plexippus7374302.jpg,1,-
,,
d_plexippus7374525.jpg,1,-
,,
d_plexippus7374636.jpg,0,L
,,
d_plexippus7375338.jpg,0,L
,,
d_plexippus7375935.jpg,1,-
,,
d_plexippus7376196.jpg,1,-
,,
d_plexippus7376245.jpg,0,L
,,
d_plexippus7377998.jpg,0,L
,,
d_plexippus7378090.jpg,1,-
,,
d_plexippus7378120.jpg,0,L
,,
d_plexippus7378819.jpg,1,-
,,
d_plexippus7379619.jpg,1,-
,,
d_plexippus7379732.jpg,0,L
,,
d_plexippus7383044.jpg,1,-
,,
d_plexippus7383277.jpg,0,L
,,
d_plexippus7383338.jpg,1,-
,,
d_plexippus7383742.jpg,1,-
,,
d_plexippus7384288.jpg,1,-
,,
d_plexippus7385258.jpg,1,-
,,
d_plexippus7387797.jpg,1,-
,,
d_plexippus7391391.jpg,0,E
,,
d_plexippus7391394.jpg,0,E
,,
d_plexippus7391396.jpg,0,E
,,
d_plexippus7392604.jpg,0,L
,,
d_plexippus7392732.jpg,0,L
,,
d_plexippus7393590.jpg,0,L
,,
d_plexippus7394743.jpg,0,L
,,
d_plexippus7396638.jpg,0,L
,,
d_plexippus7396740.jpg,0,L
,,
d_plexippus7396741.jpg,1,-
,,
d_plexippus7396962.jpg,1,-
,,
d_plexippus7397652.jpg,0,L
,,
d_plexippus7398985.jpg,1,-
,,
d_plexippus7400104.jpg,1,-
,,
d_plexippus7400648.jpg,1,-
,,
d_plexippus7401205.jpg,1,-
,,
d_plexippus7402035.jpg,1,-
,,
d_plexippus7402700.jpg,0,L
,,
d_plexippus7403944.jpg,1,-
,,
d_plexippus7405243.jpg,0,L
,,
d_plexippus7406466.jpg,1,-
,,
d_plexippus7408036.jpg,1,-
,,
d_plexippus7408388.jpg,0,L
,,
d_plexippus7408833.jpg,1,-
,,
d_plexippus7408842.jpg,0,L
,,
d_plexippus7408845.jpg,1,-
,,
d_plexippus7408849.jpg,1,-
,,
d_plexippus7408855.jpg,0,L
,,
d_plexippus7408861.jpg,1,-
,,
d_plexippus7409155.jpg,0,L
,,
d_plexippus7409165.jpg,0,L
,,
d_plexippus7409178.jpg,1,-
,,
d_plexippus7409182.jpg,1,-
,,
d_plexippus7410157.jpg,1,-
,,
d_plexippus7410901.jpg,1,-
,,
d_plexippus7411086.jpg,1,-
,,
d_plexippus7413375.jpg,1,-
,,
d_plexippus7416764.jpg,0,L
,,
d_plexippus7416824.jpg,1,-
,,
d_plexippus7418447.jpg,1,-
,,
d_plexippus7419190.jpg,1,-
,,
d_plexippus7420460.jpg,1,-
,,
d_plexippus7420628.jpg,1,-
,,
d_plexippus7420676.jpg,1,-
,,
d_plexippus7420757.jpg,1,-
,,
d_plexippus7420900.jpg,1,-
,,
d_plexippus7422420.jpg,1,-
,,
d_plexippus7422883.jpg,1,-
,,
d_plexippus7423542.jpg,1,-
,,
d_plexippus7424185.jpg,0,L
,,
d_plexippus7425207.jpg,1,-
,,
d_plexippus7425218.jpg,0,L
,,
d_plexippus7425279.jpg,0,L
,,
d_plexippus7425543.jpg,1,-
,,
d_plexippus7425680.jpg,0,L
,,
d_plexippus7425687.jpg,1,-
,,
d_plexippus7425697.jpg,0,E
,,
d_plexippus7425733.jpg,1,-
,,
d_plexippus7425983.jpg,1,-
,,
d_plexippus7426350.jpg,0,L
,,
d_plexippus7426512.jpg,1,-
,,
d_plexippus7426799.jpg,0,L
,,
d_plexippus7426988.jpg,1,-
,,
d_plexippus7427332.jpg,1,-
,,
d_plexippus7427562.jpg,0,L
,,
d_plexippus7427843.jpg,1,-
,,
d_plexippus7427863.jpg,0,L
,,
d_plexippus7427864.jpg,1,-
,,
d_plexippus7428957.jpg,1,-
,,
d_plexippus7429922.jpg,1,-
,,
d_plexippus7430011.jpg,0,L
,,
d_plexippus7430124.jpg,1,-
,,
d_plexippus7430182.jpg,1,-
,,
d_plexippus7430266.jpg,1,-
,,
d_plexippus7433218.jpg,1,-
,,
d_plexippus7433284.jpg,0,L
,,
d_plexippus7433304.jpg,1,-
,,
d_plexippus7433517.jpg,1,-
,,
d_plexippus7433552.jpg,0,E
,,
d_plexippus7434575.jpg,0,E
,,
d_plexippus7434706.jpg,0,L
,,
d_plexippus7434773.jpg,0,E
,,
d_plexippus7436180.jpg,0,L
,,
d_plexippus7437817.jpg,1,-
,,
d_plexippus7437927.jpg,1,-
,,
d_plexippus7440757.jpg,1,-
,,
d_plexippus7441121.jpg,1,-
,,
d_plexippus7441186.jpg,0,L
,,
d_plexippus7441281.jpg,1,-
,,
d_plexippus7442226.jpg,1,-
,,
d_plexippus7442636.jpg,0,L
,,
d_plexippus7442637.jpg,0,L
,,
d_plexippus7442639.jpg,1,-
,,
d_plexippus7442648.jpg,0,L
,,
d_plexippus7442652.jpg,1,-
,,
d_plexippus7445815.jpg,0,E
,,
d_plexippus7445827.jpg,0,E
,,
d_plexippus7446210.jpg,1,-
,,
d_plexippus7447023.jpg,1,-
,,
d_plexippus7448192.jpg,1,-
,,
d_plexippus7449302.jpg,1,-
,,
d_plexippus7449895.jpg,0,L
,,
d_plexippus7450150.jpg,1,-
,,
d_plexippus7450569.jpg,0,L
,,
d_plexippus7450584.jpg,1,-
,,
d_plexippus7451791.jpg,1,-
,,
d_plexippus7451919.jpg,1,-
,,
d_plexippus7453806.jpg,0,L
,,
d_plexippus7454709.jpg,0,L
,,
d_plexippus7455110.jpg,1,-
,,
d_plexippus7455366.jpg,0,L
,,
d_plexippus7456835.jpg,1,-
,,
d_plexippus7459928.jpg,0,L
,,
d_plexippus7459953.jpg,0,L
,,
d_plexippus7459968.jpg,0,E
,,
d_plexippus7460102.jpg,1,-
,,
d_plexippus7461284.jpg,1,-
,,
d_plexippus7461879.jpg,0,L
,,
d_plexippus7461891.jpg,1,-
,,
d_plexippus7462391.jpg,1,-
,,
d_plexippus7462436.jpg,1,-
,,
d_plexippus7462455.jpg,1,-
,,
d_plexippus7462815.jpg,1,-
,,
d_plexippus7463296.jpg,1,-
,,
d_plexippus7463536.jpg,1,-
,,
d_plexippus7463939.jpg,1,-
,,
d_plexippus7464403.jpg,0,L
,,
d_plexippus7465208.jpg,1,-
,,
d_plexippus7465453.jpg,1,-
,,
d_plexippus7465738.jpg,0,L
,,
d_plexippus7465902.jpg,1,-
,,
d_plexippus7466172.jpg,1,-
,,
d_plexippus7466536.jpg,1,-
,,
d_plexippus7467337.jpg,1,-
,,
d_plexippus7467408.jpg,0,L
,,
d_plexippus7467488.jpg,0,L
,,
d_plexippus7467709.jpg,1,-
,,
d_plexippus7467881.jpg,1,-
,,
d_plexippus7468714.jpg,1,-
,,
d_plexippus7469070.jpg,1,-
,,
d_plexippus7469541.jpg,1,-
,,
d_plexippus7469682.jpg,0,L
,,
d_plexippus7471322.jpg,0,L
,,
d_plexippus7471737.jpg,0,L
,,
d_plexippus7473875.jpg,1,-
,,
d_plexippus7474923.jpg,0,L
,,
d_plexippus7475219.jpg,1,-
,,
d_plexippus7475495.jpg,1,-
,,
d_plexippus7475496.jpg,1,-
,,
d_plexippus7475497.jpg,1,-
,,
d_plexippus7475498.jpg,1,-
,,
d_plexippus7475500.jpg,1,-
,,
d_plexippus7476121.jpg,1,-
,,
d_plexippus7476545.jpg,0,L
,,
d_plexippus7476557.jpg,0,L
,,
d_plexippus7476564.jpg,0,L
,,
d_plexippus7476577.jpg,0,L
,,
d_plexippus7476799.jpg,0,L
,,
d_plexippus7477399.jpg,0,L
,,
d_plexippus7478754.jpg,0,L
,,
d_plexippus7479472.jpg,0,L
,,
d_plexippus7480485.jpg,1,-
,,
d_plexippus7480486.jpg,0,L
,,
d_plexippus7480487.jpg,1,-
,,
d_plexippus7480488.jpg,1,-
,,
d_plexippus7480489.jpg,0,E
,,
d_plexippus7480857.jpg,1,-
,,
d_plexippus7480873.jpg,1,-
,,
d_plexippus7481422.jpg,1,-
,,
d_plexippus7481717.jpg,1,-
,,
d_plexippus7481923.jpg,1,-
,,
d_plexippus7482224.jpg,1,-
,,
d_plexippus7482510.jpg,1,-
,,
d_plexippus7482594.jpg,0,L
,,
d_plexippus7482810.jpg,0,L
,,
d_plexippus7482878.jpg,1,-
,,
d_plexippus7483552.jpg,1,-
,,
d_plexippus7483655.jpg,1,-
,,
d_plexippus7484618.jpg,0,L
,,
d_plexippus7485751.jpg,1,-
,,
d_plexippus7486142.jpg,1,-
,,
d_plexippus7490670.jpg,0,L
,,
d_plexippus7490772.jpg,1,-
,,
d_plexippus7491025.jpg,0,L
,,
d_plexippus7491105.jpg,1,-
,,
d_plexippus7491458.jpg,1,-
,,
d_plexippus7491480.jpg,0,L
,,
d_plexippus7491526.jpg,0,L
,,
d_plexippus7491650.jpg,0,P
,,
d_plexippus7491718.jpg,1,-
,,
d_plexippus7491890.jpg,0,E
,,
d_plexippus7491891.jpg,0,E
,,
d_plexippus7491892.jpg,0,E
,,
d_plexippus7491893.jpg,0,E
,,
d_plexippus7491894.jpg,0,E
,,
d_plexippus7491969.jpg,1,-
,,
d_plexippus7492064.jpg,0,E
,,
d_plexippus7492255.jpg,0,E
,,
d_plexippus7492764.jpg,0,E
,,
d_plexippus7492786.jpg,0,E
,,
d_plexippus7492932.jpg,1,-
,,
d_plexippus7493035.jpg,1,-
,,
d_plexippus7493272.jpg,1,-
,,
d_plexippus7493491.jpg,0,L
,,
d_plexippus7493913.jpg,0,L
,,
d_plexippus7494177.jpg,1,-
,,
d_plexippus7494945.jpg,0,L
,,
d_plexippus7495890.jpg,1,-
,,
d_plexippus7496406.jpg,1,-
,,
d_plexippus7496696.jpg,1,-
,,
d_plexippus7497041.jpg,1,-
,,
d_plexippus7498080.jpg,0,L
,,
d_plexippus7499197.jpg,0,L
,,
d_plexippus7500063.jpg,1,-
,,
d_plexippus7500856.jpg,1,-
,,
d_plexippus7500995.jpg,1,-
,,
d_plexippus7501019.jpg,1,-
,,
d_plexippus7501029.jpg,1,-
,,
d_plexippus7501103.jpg,0,L
,,
d_plexippus7503094.jpg,1,-
,,
d_plexippus7504130.jpg,1,-
,,
d_plexippus7504724.jpg,0,L
,,
d_plexippus7505383.jpg,0,L
,,
d_plexippus7505411.jpg,0,L
,,
d_plexippus7506523.jpg,0,L
,,
d_plexippus7508421.jpg,1,-
,,
d_plexippus7508531.jpg,0,L
,,
d_plexippus7510599.jpg,0,L
,,
d_plexippus7510959.jpg,0,L
,,
d_plexippus7511849.jpg,1,-
,,
d_plexippus7511921.jpg,1,-
,,
d_plexippus7518064.jpg,1,-
,,
d_plexippus7519205.jpg,0,L
,,
d_plexippus7519596.jpg,1,-
,,
d_plexippus7519954.jpg,0,L
,,
d_plexippus7520088.jpg,1,-
,,
d_plexippus7521441.jpg,1,-
,,
d_plexippus7521497.jpg,0,L
,,
d_plexippus7521770.jpg,0,L
,,
d_plexippus7521785.jpg,0,L
,,
d_plexippus7522000.jpg,1,-
,,
d_plexippus7522091.jpg,0,L
,,
d_plexippus7522092.jpg,0,L
,,
d_plexippus7522093.jpg,0,L
,,
d_plexippus7522094.jpg,0,L
,,
d_plexippus7522095.jpg,0,L
,,
d_plexippus7522096.jpg,0,L
,,
d_plexippus7522097.jpg,0,P
,,
d_plexippus7522098.jpg,0,P
,,
d_plexippus7522167.jpg,1,-
,,
d_plexippus7523181.jpg,1,-
,,
d_plexippus7523246.jpg,1,-
,,
d_plexippus7523248.jpg,0,L
,,
d_plexippus7523415.jpg,1,-
,,
d_plexippus7524091.jpg,0,L
,,
d_plexippus7524397.jpg,0,L
,,
d_plexippus7524643.jpg,0,L
,,
d_plexippus7525149.jpg,1,-
,,
d_plexippus7525275.jpg,0,L
,,
d_plexippus7525349.jpg,1,-
,,
d_plexippus7526246.jpg,1,-
,,
d_plexippus7526255.jpg,1,-
,,
d_plexippus7526323.jpg,0,L
,,
d_plexippus7527279.jpg,1,-
,,
d_plexippus7530462.jpg,1,-
,,
d_plexippus7530723.jpg,1,-
,,
d_plexippus7530855.jpg,1,-
,,
d_plexippus7530856.jpg,0,E
,,
d_plexippus7530971.jpg,1,-
,,
d_plexippus7531999.jpg,1,-
,,
d_plexippus7533032.jpg,1,-
,,
d_plexippus7533038.jpg,1,-
,,
d_plexippus7533131.jpg,1,-
,,
d_plexippus7534429.jpg,1,-
,,
d_plexippus7537320.jpg,1,-
,,
d_plexippus7537419.jpg,1,-
,,
d_plexippus7539700.jpg,1,-
,,
d_plexippus7539734.jpg,0,L
,,
d_plexippus7539737.jpg,0,L
,,
d_plexippus7539751.jpg,1,-
,,
d_plexippus7539758.jpg,1,-
,,
d_plexippus7539762.jpg,1,-
,,
d_plexippus7541050.jpg,1,-
,,
d_plexippus7541062.jpg,1,-
,,
d_plexippus7542147.jpg,1,-
,,
d_plexippus7542228.jpg,1,-
,,
d_plexippus7543192.jpg,0,L
,,
d_plexippus7543291.jpg,1,-
,,
d_plexippus7544049.jpg,1,-
,,
d_plexippus7544208.jpg,1,-
,,
d_plexippus7544224.jpg,1,-
,,
d_plexippus7544332.jpg,1,-
,,
d_plexippus7544872.jpg,1,-
,,
d_plexippus7545572.jpg,1,-
,,
d_plexippus7545897.jpg,0,L
,,
d_plexippus7546756.jpg,1,-
,,
d_plexippus7546957.jpg,1,-
,,
d_plexippus7548017.jpg,0,L
,,
d_plexippus7548703.jpg,1,-
,,
d_plexippus7549758.jpg,1,-
,,
d_plexippus7549978.jpg,1,-
,,
d_plexippus7550675.jpg,1,-
,,
d_plexippus7551034.jpg,1,-
,,
d_plexippus7551067.jpg,1,-
,,
d_plexippus7551075.jpg,1,-
,,
d_plexippus7553988.jpg,1,-
,,
d_plexippus7554122.jpg,0,L
,,
d_plexippus7554171.jpg,0,L
,,
d_plexippus7554255.jpg,1,-
,,
d_plexippus7554915.jpg,1,-
,,
d_plexippus7554967.jpg,0,L
,,
d_plexippus7555685.jpg,0,L
,,
d_plexippus7556846.jpg,0,L
,,
d_plexippus7557014.jpg,1,-
,,
d_plexippus7557874.jpg,0,L
,,
d_plexippus7557971.jpg,1,-
,,
d_plexippus7558289.jpg,1,-
,,
d_plexippus7559185.jpg,0,L
,,
d_plexippus7560803.jpg,1,-
,,
d_plexippus7560811.jpg,1,-
,,
d_plexippus7561722.jpg,1,-
,,
d_plexippus7561804.jpg,1,-
,,
d_plexippus7561805.jpg,1,-
,,
d_plexippus7561911.jpg,1,-
,,
d_plexippus7565419.jpg,1,-
,,
d_plexippus7570678.jpg,1,-
,,
d_plexippus7571780.jpg,0,L
,,
d_plexippus7571963.jpg,1,-
,,
d_plexippus7571971.jpg,1,-
,,
d_plexippus7572166.jpg,1,-
,,
d_plexippus7573605.jpg,0,L
,,
d_plexippus7574749.jpg,1,-
,,
d_plexippus7574963.jpg,1,-
,,
d_plexippus7575349.jpg,1,-
,,
d_plexippus7575431.jpg,0,L
,,
d_plexippus7575533.jpg,0,L
,,
d_plexippus7576262.jpg,0,L
,,
d_plexippus7576471.jpg,1,-
,,
d_plexippus7577927.jpg,1,-
,,
d_plexippus7578076.jpg,1,-
,,
d_plexippus7579109.jpg,1,-
,,
d_plexippus7579612.jpg,1,-
,,
d_plexippus7579615.jpg,1,-
,,
d_plexippus7580186.jpg,1,-
,,
d_plexippus7581751.jpg,0,L
,,
d_plexippus7582050.jpg,1,-
,,
d_plexippus7582055.jpg,1,-
,,
d_plexippus7582061.jpg,1,-
,,
d_plexippus7582109.jpg,1,-
,,
d_plexippus7582313.jpg,1,-
,,
d_plexippus7582510.jpg,1,-
,,
d_plexippus7584632.jpg,0,L
,,
d_plexippus7584811.jpg,0,L
,,
d_plexippus7585750.jpg,1,-
,,
d_plexippus7588221.jpg,1,-
,,
d_plexippus7590302.jpg,1,-
,,
d_plexippus7590708.jpg,1,-
,,
d_plexippus7590817.jpg,1,-
,,
d_plexippus7591170.jpg,1,-
,,
d_plexippus7591265.jpg,0,L
,,
d_plexippus7591537.jpg,0,L
,,
d_plexippus7591886.jpg,0,L
,,
d_plexippus7593512.jpg,1,-
,,
d_plexippus7593538.jpg,1,-
,,
d_plexippus7593543.jpg,0,E
,,
d_plexippus7593584.jpg,0,L
,,
d_plexippus7593618.jpg,0,E
,,
d_plexippus7593829.jpg,1,-
,,
d_plexippus7594317.jpg,1,-
,,
d_plexippus7595257.jpg,0,P
,,
d_plexippus7595272.jpg,1,-
,,
d_plexippus7595804.jpg,1,-
,,
d_plexippus7595995.jpg,1,-
,,
d_plexippus7596247.jpg,1,-
,,
d_plexippus7597822.jpg,1,-
,,
d_plexippus7598494.jpg,1,-
,,
d_plexippus7598728.jpg,1,-
,,
d_plexippus7598738.jpg,0,L
,,
d_plexippus7598742.jpg,1,-
,,
d_plexippus7598992.jpg,1,-
,,
d_plexippus7599705.jpg,1,-
,,
d_plexippus7599706.jpg,0,L
,,
d_plexippus7599707.jpg,0,E
,,
d_plexippus7600119.jpg,1,-
,,
d_plexippus7601866.jpg,1,-
,,
d_plexippus7602788.jpg,1,-
,,
d_plexippus7602824.jpg,0,L
,,
d_plexippus7602835.jpg,1,-
,,
d_plexippus7602918.jpg,1,-
,,
d_plexippus7605102.jpg,1,-
,,
d_plexippus7605163.jpg,0,L
,,
d_plexippus7605391.jpg,1,-
,,
d_plexippus7605991.jpg,0,L
,,
d_plexippus7606605.jpg,0,L
,,
d_plexippus7606694.jpg,0,L
,,
d_plexippus7607578.jpg,1,-
,,
d_plexippus7608268.jpg,1,-
,,
d_plexippus7608427.jpg,1,-
,,
d_plexippus7608931.jpg,1,-
,,
d_plexippus7611031.jpg,0,L
,,
d_plexippus7612644.jpg,1,-
,,
d_plexippus7612671.jpg,1,-
,,
d_plexippus7613034.jpg,1,-
,,
d_plexippus7613092.jpg,0,L
,,
d_plexippus7615715.jpg,1,-
,,
d_plexippus7615996.jpg,1,-
,,
d_plexippus7616027.jpg,1,-
,,
d_plexippus7616089.jpg,1,-
,,
d_plexippus7616097.jpg,1,-
,,
d_plexippus7616407.jpg,1,-
,,
d_plexippus7617489.jpg,0,L
,,
d_plexippus7617796.jpg,1,-
,,
d_plexippus7617824.jpg,1,-
,,
d_plexippus7620092.jpg,1,-
,,
d_plexippus7620852.jpg,0,L
,,
d_plexippus7621081.jpg,0,L
,,
d_plexippus7621148.jpg,1,-
,,
d_plexippus7621203.jpg,1,-
,,
d_plexippus7621204.jpg,1,-
,,
d_plexippus7621206.jpg,1,-
,,
d_plexippus7621973.jpg,0,L
,,
d_plexippus7624312.jpg,0,L
,,
d_plexippus7625804.jpg,1,-
,,
d_plexippus7629100.jpg,1,-
,,
d_plexippus7630656.jpg,1,-
,,
d_plexippus7631384.jpg,0,L
,,
d_plexippus7631416.jpg,1,-
,,
d_plexippus7631581.jpg,0,L
,,
d_plexippus7632884.jpg,0,L
,,
d_plexippus7633139.jpg,0,L
,,
d_plexippus7634920.jpg,1,-
,,
d_plexippus7636086.jpg,0,L
,,
d_plexippus7636319.jpg,0,L
,,
d_plexippus7636471.jpg,1,-
,,
d_plexippus7636602.jpg,1,-
,,
d_plexippus7636686.jpg,1,-
,,
d_plexippus7636929.jpg,0,L
,,
d_plexippus7636931.jpg,1,-
,,
d_plexippus7637006.jpg,1,-
,,
d_plexippus7637344.jpg,0,L
,,
d_plexippus7637460.jpg,1,-
,,
d_plexippus7637541.jpg,1,-
,,
d_plexippus7637636.jpg,1,-
,,
d_plexippus7638155.jpg,1,-
,,
d_plexippus7638186.jpg,0,L
,,
d_plexippus7639083.jpg,1,-
,,
d_plexippus7640260.jpg,0,L
,,
d_plexippus7643596.jpg,1,-
,,
d_plexippus7644995.jpg,1,-
,,
d_plexippus7645100.jpg,1,-
,,
d_plexippus7645952.jpg,0,L
,,
d_plexippus7646291.jpg,1,-
,,
d_plexippus7646314.jpg,1,-
,,
d_plexippus7646944.jpg,0,L
,,
d_plexippus7647651.jpg,1,-
,,
d_plexippus7647976.jpg,0,L
,,
d_plexippus7648222.jpg,0,L
,,
d_plexippus7649012.jpg,1,-
,,
d_plexippus7649162.jpg,0,L
,,
d_plexippus7650222.jpg,0,L
,,
d_plexippus7650254.jpg,1,-
,,
d_plexippus7650356.jpg,0,L
,,
d_plexippus7651230.jpg,0,L
,,
d_plexippus7651548.jpg,1,-
,,
d_plexippus7651561.jpg,1,-
,,
d_plexippus7652026.jpg,0,L
,,
d_plexippus7652204.jpg,0,L
,,
d_plexippus7652205.jpg,0,L
,,
d_plexippus7654011.jpg,1,-
,,
d_plexippus7654403.jpg,0,L
,,
d_plexippus7654781.jpg,1,-
,,
d_plexippus7655588.jpg,0,L
,,
d_plexippus7656152.jpg,1,-
,,
d_plexippus7656658.jpg,0,L
,,
d_plexippus7656836.jpg,0,L
,,
d_plexippus7657026.jpg,0,L
,,
d_plexippus7657205.jpg,1,-
,,
d_plexippus7657260.jpg,0,L
,,
d_plexippus7657958.jpg,1,-
,,
d_plexippus7658189.jpg,0,L
,,
d_plexippus7658728.jpg,1,-
,,
d_plexippus7659078.jpg,1,-
,,
d_plexippus7659230.jpg,1,-
,,
d_plexippus7659270.jpg,1,-
,,
d_plexippus7660159.jpg,1,-
,,
d_plexippus7660719.jpg,1,-
,,
d_plexippus7662359.jpg,0,L
,,
d_plexippus7662512.jpg,1,-
,,
d_plexippus7662872.jpg,0,L
,,
d_plexippus7662880.jpg,1,-
,,
d_plexippus7663073.jpg,1,-
,,
d_plexippus7663475.jpg,1,-
,,
d_plexippus7663476.jpg,1,-
,,
d_plexippus7664148.jpg,1,-
,,
d_plexippus7664272.jpg,0,L
,,
d_plexippus7664588.jpg,0,L
,,
d_plexippus7664910.jpg,0,L
,,
d_plexippus7665529.jpg,0,L
,,
d_plexippus7665616.jpg,1,-
,,
d_plexippus7665641.jpg,1,-
,,
d_plexippus7665662.jpg,0,L
,,
d_plexippus7665826.jpg,1,-
,,
d_plexippus7666250.jpg,0,L
,,
d_plexippus7667347.jpg,0,L
,,
d_plexippus7667517.jpg,0,L
,,
d_plexippus7667680.jpg,1,-
,,
d_plexippus7667807.jpg,1,-
,,
d_plexippus7669101.jpg,0,L
,,
d_plexippus7671478.jpg,1,-
,,
d_plexippus7671837.jpg,1,-
,,
d_plexippus7673844.jpg,0,L
,,
d_plexippus7673903.jpg,0,L
,,
d_plexippus7674220.jpg,0,L
,,
d_plexippus7674245.jpg,1,-
,,
d_plexippus7674476.jpg,0,L
,,
d_plexippus7674778.jpg,1,-
,,
d_plexippus7675491.jpg,0,L
,,
d_plexippus7675947.jpg,0,L
,,
d_plexippus7676712.jpg,0,L
,,
d_plexippus7677613.jpg,1,-
,,
d_plexippus7678100.jpg,1,-
,,
d_plexippus7678552.jpg,0,L
,,
d_plexippus7678754.jpg,0,L
,,
d_plexippus7678830.jpg,0,L
,,
d_plexippus7678878.jpg,0,L
,,
d_plexippus7678920.jpg,0,L
,,
d_plexippus7678961.jpg,1,-
,,
d_plexippus7678972.jpg,0,L
,,
d_plexippus7679373.jpg,0,L
,,
d_plexippus7679430.jpg,1,-
,,
d_plexippus7680149.jpg,0,L
,,
d_plexippus7680241.jpg,0,L
,,
d_plexippus7681140.jpg,0,L
,,
d_plexippus7681781.jpg,0,L
,,
d_plexippus7681936.jpg,0,L
,,
d_plexippus7682066.jpg,1,-
,,
d_plexippus7682067.jpg,1,-
,,
d_plexippus7682068.jpg,0,L
,,
d_plexippus7682083.jpg,1,-
,,
d_plexippus7682595.jpg,0,L
,,
d_plexippus7684132.jpg,0,L
,,
d_plexippus7684527.jpg,0,L
,,
d_plexippus7684533.jpg,0,L
,,
d_plexippus7684542.jpg,0,L
,,
d_plexippus7688010.jpg,0,L
,,
d_plexippus7689188.jpg,0,L
,,
d_plexippus7689664.jpg,1,-
,,
d_plexippus7690039.jpg,1,-
,,
d_plexippus7691118.jpg,1,-
,,
d_plexippus7691656.jpg,0,L
,,
d_plexippus7691713.jpg,0,P
,,
d_plexippus7692513.jpg,0,P
,,
d_plexippus7693704.jpg,1,-
,,
d_plexippus7694028.jpg,0,P
,,
d_plexippus7694183.jpg,1,-
,,
d_plexippus7694424.jpg,1,-
,,
d_plexippus7694491.jpg,0,L
,,
d_plexippus7695062.jpg,1,-
,,
d_plexippus7695372.jpg,1,-
,,
d_plexippus7695414.jpg,1,-
,,
d_plexippus7695513.jpg,1,-
,,
d_plexippus7695549.jpg,1,-
,,
d_plexippus7695690.jpg,1,-
,,
d_plexippus7695757.jpg,1,-
,,
d_plexippus7696394.jpg,1,-
,,
d_plexippus7696602.jpg,1,-
,,
d_plexippus7699651.jpg,0,L
,,
d_plexippus7699850.jpg,0,L
,,
d_plexippus7699884.jpg,1,-
,,
d_plexippus7701079.jpg,0,L
,,
d_plexippus7701706.jpg,0,L
,,
d_plexippus7701925.jpg,1,-
,,
d_plexippus7701980.jpg,0,L
,,
d_plexippus7704571.jpg,0,L
,,
d_plexippus7705706.jpg,0,L
,,
d_plexippus7706028.jpg,1,-
,,
d_plexippus7707734.jpg,1,-
,,
d_plexippus7708054.jpg,1,-
,,
d_plexippus7709042.jpg,1,-
,,
d_plexippus7709843.jpg,1,-
,,
d_plexippus7710924.jpg,1,-
,,
d_plexippus7711147.jpg,1,-
,,
d_plexippus7712482.jpg,0,L
,,
d_plexippus7713169.jpg,1,-
,,
d_plexippus7713807.jpg,0,L
,,
d_plexippus7714560.jpg,1,-
,,
d_plexippus7715658.jpg,0,L
,,
d_plexippus7716197.jpg,1,-
,,
d_plexippus7718148.jpg,0,L
,,
d_plexippus7719002.jpg,1,-
,,
d_plexippus7719009.jpg,1,-
,,
d_plexippus7719017.jpg,0,L
,,
d_plexippus7719020.jpg,1,-
,,
d_plexippus7720264.jpg,1,-
,,
d_plexippus7720267.jpg,0,L
,,
d_plexippus7720268.jpg,0,L
,,
d_plexippus7720927.jpg,0,L
,,
d_plexippus7721047.jpg,1,-
,,
d_plexippus7721049.jpg,1,-
,,
d_plexippus7721050.jpg,1,-
,,
d_plexippus7721052.jpg,1,-
,,
d_plexippus7721054.jpg,1,-
,,
d_plexippus7721262.jpg,1,-
,,
d_plexippus7725050.jpg,0,L
,,
d_plexippus7725203.jpg,0,P
,,
d_plexippus7725223.jpg,1,-
,,
d_plexippus7727527.jpg,0,L
,,
d_plexippus7728031.jpg,0,L
,,
d_plexippus7728765.jpg,0,L
,,
d_plexippus7729198.jpg,0,L
,,
d_plexippus7730825.jpg,1,-
,,
d_plexippus7730874.jpg,0,L
,,
d_plexippus7732195.jpg,0,L
,,
d_plexippus7732306.jpg,1,-
,,
d_plexippus7733064.jpg,1,-
,,
d_plexippus7733319.jpg,1,-
,,
d_plexippus7733400.jpg,1,-
,,
d_plexippus7733644.jpg,1,-
,,
d_plexippus7734005.jpg,0,L
,,
d_plexippus7734361.jpg,0,L
,,
d_plexippus7736512.jpg,0,L
,,
d_plexippus7736619.jpg,0,L
,,
d_plexippus7738531.jpg,0,L
,,
d_plexippus7739423.jpg,0,L
,,
d_plexippus7739852.jpg,1,-
,,
d_plexippus7740566.jpg,0,L
,,
d_plexippus7740568.jpg,1,-
,,
d_plexippus7740995.jpg,1,-
,,
d_plexippus7741608.jpg,1,-
,,
d_plexippus7748909.jpg,0,L
,,
d_plexippus7749226.jpg,1,-
,,
d_plexippus7749244.jpg,1,-
,,
d_plexippus7749851.jpg,0,L
,,
d_plexippus7750140.jpg,0,P
,,
d_plexippus7750321.jpg,0,L
,,
d_plexippus7751074.jpg,0,P
,,
d_plexippus7751297.jpg,1,-
,,
d_plexippus7751450.jpg,0,L
,,
d_plexippus7751593.jpg,1,-
,,
d_plexippus7752890.jpg,1,-
,,
d_plexippus7753640.jpg,1,-
,,
d_plexippus7753855.jpg,0,L
,,
d_plexippus7754051.jpg,0,L
,,
d_plexippus7754463.jpg,0,P
,,
d_plexippus7754464.jpg,0,P
,,
d_plexippus7754465.jpg,1,-
,,
d_plexippus7754470.jpg,1,-
,,
d_plexippus7754474.jpg,1,-
,,
d_plexippus7754509.jpg,1,-
,,
d_plexippus7754963.jpg,1,-
,,
d_plexippus7755627.jpg,0,E
,,
d_plexippus7755675.jpg,0,L
,,
d_plexippus7755707.jpg,0,L
,,
d_plexippus7755799.jpg,0,L
,,
d_plexippus7755847.jpg,0,L
,,
d_plexippus7758319.jpg,0,L
,,
d_plexippus7758433.jpg,0,L
,,
d_plexippus7758457.jpg,0,L
,,
d_plexippus7758470.jpg,0,L
,,
d_plexippus7758493.jpg,0,L
,,
d_plexippus7758529.jpg,0,L
,,
d_plexippus7758584.jpg,0,L
,,
d_plexippus7758597.jpg,0,L
,,
d_plexippus7758611.jpg,0,L
,,
d_plexippus7758620.jpg,0,L
,,
d_plexippus7758647.jpg,0,L
,,
d_plexippus7758656.jpg,0,L
,,
d_plexippus7758679.jpg,0,L
,,
d_plexippus7758684.jpg,0,L
,,
d_plexippus7758688.jpg,0,L
,,
d_plexippus7758692.jpg,0,L
,,
d_plexippus7758694.jpg,0,L
,,
d_plexippus7761339.jpg,0,L
,,
d_plexippus7762372.jpg,1,-
,,
d_plexippus7763383.jpg,1,-
,,
d_plexippus7763755.jpg,1,-
,,
d_plexippus7763928.jpg,0,L
,,
d_plexippus7764006.jpg,1,-
,,
d_plexippus7764282.jpg,1,-
,,
d_plexippus7765086.jpg,0,L
,,
d_plexippus7765145.jpg,1,-
,,
d_plexippus7765182.jpg,1,-
,,
d_plexippus7765184.jpg,0,L
,,
d_plexippus7765196.jpg,0,L
,,
d_plexippus7765326.jpg,0,L
,,
d_plexippus7765406.jpg,1,-
,,
d_plexippus7766276.jpg,1,-
,,
d_plexippus7766893.jpg,1,-
,,
d_plexippus7767932.jpg,0,L
,,
d_plexippus7768369.jpg,1,-
,,
d_plexippus7769118.jpg,0,L
,,
d_plexippus7769445.jpg,1,-
,,
d_plexippus7770613.jpg,1,-
,,
d_plexippus7771191.jpg,0,L
,,
d_plexippus7771970.jpg,0,L
,,
d_plexippus7772028.jpg,0,L
,,
d_plexippus7774546.jpg,1,-
,,
d_plexippus7776345.jpg,0,L
,,
d_plexippus7776375.jpg,1,-
,,
d_plexippus7776529.jpg,1,-
,,
d_plexippus7777050.jpg,1,-
,,
d_plexippus7777601.jpg,0,L
,,
d_plexippus7777756.jpg,1,-
,,
d_plexippus7779292.jpg,1,-
,,
d_plexippus7779492.jpg,0,P
,,
d_plexippus7779943.jpg,1,-
,,
d_plexippus7779999.jpg,1,-
,,
d_plexippus7781400.jpg,0,L
,,
d_plexippus7781483.jpg,0,L
,,
d_plexippus7781595.jpg,1,-
,,
d_plexippus7782651.jpg,1,-
,,
d_plexippus7782658.jpg,0,L
,,
d_plexippus7783690.jpg,1,-
,,
d_plexippus7783745.jpg,1,-
,,
d_plexippus7783757.jpg,1,-
,,
d_plexippus7783760.jpg,1,-
,,
d_plexippus7783764.jpg,1,-
,,
d_plexippus7784542.jpg,1,-
,,
d_plexippus7785129.jpg,1,-
,,
d_plexippus7785500.jpg,1,-
,,
d_plexippus7785512.jpg,1,-
,,
d_plexippus7786729.jpg,1,-
,,
d_plexippus7786810.jpg,0,L
,,
d_plexippus7786863.jpg,0,L
,,
d_plexippus7787492.jpg,1,-
,,
d_plexippus7789146.jpg,1,-
,,
d_plexippus7789392.jpg,1,-
,,
d_plexippus7792107.jpg,0,L
,,
d_plexippus7792841.jpg,0,P
,,
d_plexippus7792911.jpg,1,-
,,
d_plexippus7793183.jpg,0,L
,,
d_plexippus7793198.jpg,0,L
,,
d_plexippus7793743.jpg,0,L
,,
d_plexippus7794093.jpg,0,L
,,
d_plexippus7794613.jpg,0,L
,,
d_plexippus7795488.jpg,1,-
,,
d_plexippus7795902.jpg,0,L
,,
d_plexippus7800870.jpg,0,L
,,
d_plexippus7801333.jpg,1,-
,,
d_plexippus7801388.jpg,1,-
,,
d_plexippus7802008.jpg,1,-
,,
d_plexippus7802076.jpg,1,-
,,
d_plexippus7802118.jpg,0,L
,,
d_plexippus7802232.jpg,1,-
,,
d_plexippus7802890.jpg,1,-
,,
d_plexippus7802963.jpg,1,-
,,
d_plexippus7805345.jpg,0,L
,,
d_plexippus7806091.jpg,0,L
,,
d_plexippus7806377.jpg,1,-
,,
d_plexippus7806417.jpg,1,-
,,
d_plexippus7806418.jpg,1,-
,,
d_plexippus7806422.jpg,0,L
,,
d_plexippus7806504.jpg,1,-
,,
d_plexippus7808112.jpg,0,L
,,
d_plexippus7808536.jpg,1,-
,,
d_plexippus7808554.jpg,1,-
,,
d_plexippus7809789.jpg,1,-
,,
d_plexippus7810137.jpg,0,L
,,
d_plexippus7811337.jpg,0,L
,,
d_plexippus7812619.jpg,0,L
,,
d_plexippus7812990.jpg,0,L
,,
d_plexippus7813808.jpg,1,-
,,
d_plexippus7814604.jpg,0,L
,,
d_plexippus7818354.jpg,1,-
,,
d_plexippus7818949.jpg,0,L
,,
d_plexippus7819791.jpg,0,L
,,
d_plexippus7822001.jpg,1,-
,,
d_plexippus7822207.jpg,1,-
,,
d_plexippus7823221.jpg,0,L
,,
d_plexippus7823446.jpg,1,-
,,
d_plexippus7824172.jpg,1,-
,,
d_plexippus7824388.jpg,1,-
,,
d_plexippus7824445.jpg,1,-
,,
d_plexippus7825285.jpg,1,-
,,
d_plexippus7827177.jpg,1,-
,,
d_plexippus7827198.jpg,1,-
,,
d_plexippus7827384.jpg,1,-
,,
d_plexippus7827414.jpg,0,L
,,
d_plexippus7828089.jpg,0,L
,,
d_plexippus7828151.jpg,1,-
,,
d_plexippus7829266.jpg,0,L
,,
d_plexippus7831652.jpg,0,P
,,
d_plexippus7832538.jpg,0,P
,,
d_plexippus7832814.jpg,0,L
,,
d_plexippus7833579.jpg,1,-
,,
d_plexippus7835495.jpg,1,-
,,
d_plexippus7836252.jpg,1,-
,,
d_plexippus7836256.jpg,0,L
,,
d_plexippus7837412.jpg,1,-
,,
d_plexippus7837624.jpg,0,L
,,
d_plexippus7837678.jpg,1,-
,,
d_plexippus7837737.jpg,1,-
,,
d_plexippus7837874.jpg,0,L
,,
d_plexippus7837946.jpg,1,-
,,
d_plexippus7838251.jpg,1,-
,,
d_plexippus7838983.jpg,1,-
,,
d_plexippus7839058.jpg,1,-
,,
d_plexippus7839307.jpg,1,-
,,
d_plexippus7839593.jpg,1,-
,,
d_plexippus7839673.jpg,1,-
,,
d_plexippus7841269.jpg,1,-
,,
d_plexippus7845775.jpg,1,-
,,
d_plexippus7846342.jpg,1,-
,,
d_plexippus7846733.jpg,0,L
,,
d_plexippus7846752.jpg,1,-
,,
d_plexippus7846800.jpg,1,-
,,
d_plexippus7847367.jpg,1,-
,,
d_plexippus7847467.jpg,0,L
,,
d_plexippus7847718.jpg,0,L
,,
d_plexippus7847960.jpg,1,-
,,
d_plexippus7848184.jpg,0,L
,,
d_plexippus7849528.jpg,1,-
,,
d_plexippus7849769.jpg,1,-
,,
d_plexippus7850218.jpg,1,-
,,
d_plexippus7850793.jpg,1,-
,,
d_plexippus7853705.jpg,0,L
,,
d_plexippus7855925.jpg,0,L
,,
d_plexippus7856901.jpg,0,L
,,
d_plexippus7857366.jpg,1,-
,,
d_plexippus7858955.jpg,0,L
,,
d_plexippus7859030.jpg,0,L
,,
d_plexippus7860237.jpg,0,L
,,
d_plexippus7860530.jpg,1,-
,,
d_plexippus7861681.jpg,0,L
,,
d_plexippus7861960.jpg,1,-
,,
d_plexippus7864341.jpg,1,-
,,
d_plexippus7866357.jpg,0,L
,,
d_plexippus7868818.jpg,1,-
,,
d_plexippus7870464.jpg,0,L
,,
d_plexippus7871163.jpg,1,-
,,
d_plexippus7871233.jpg,1,-
,,
d_plexippus7871237.jpg,0,L
,,
d_plexippus7871520.jpg,0,L
,,
d_plexippus7872273.jpg,0,L
,,
d_plexippus7872379.jpg,0,L
,,
d_plexippus7872419.jpg,0,L
,,
d_plexippus7872517.jpg,0,L
,,
d_plexippus7872532.jpg,0,L
,,
d_plexippus7873063.jpg,0,L
,,
d_plexippus7877686.jpg,1,-
,,
d_plexippus7878795.jpg,0,L
,,
d_plexippus7881304.jpg,0,L
,,
d_plexippus7881674.jpg,0,L
,,
d_plexippus7881885.jpg,1,-
,,
d_plexippus7881909.jpg,1,-
,,
d_plexippus7882649.jpg,0,L
,,
d_plexippus7883414.jpg,0,L
,,
d_plexippus7883544.jpg,1,-
,,
d_plexippus7884021.jpg,0,L
,,
d_plexippus7884565.jpg,0,L
,,
d_plexippus7885443.jpg,0,L
,,
d_plexippus7886232.jpg,0,L
,,
d_plexippus7886639.jpg,1,-
,,
d_plexippus7886892.jpg,1,-
,,
d_plexippus7888941.jpg,1,-
,,
d_plexippus7888992.jpg,0,L
,,
d_plexippus7889551.jpg,1,-
,,
d_plexippus7889650.jpg,0,L
,,
d_plexippus7889652.jpg,0,L
,,
d_plexippus7889653.jpg,0,L
,,
d_plexippus7889894.jpg,1,-
,,
d_plexippus7889908.jpg,1,-
,,
d_plexippus7890234.jpg,0,L
,,
d_plexippus7892112.jpg,1,-
,,
d_plexippus7892194.jpg,0,L
,,
d_plexippus7893344.jpg,0,L
,,
d_plexippus7893449.jpg,0,L
,,
d_plexippus7894955.jpg,0,L
,,
d_plexippus7896649.jpg,1,-
,,
d_plexippus7896668.jpg,0,L
,,
d_plexippus7896703.jpg,0,P
,,
d_plexippus7896708.jpg,1,-
,,
d_plexippus7901733.jpg,1,-
,,
d_plexippus7901907.jpg,1,-
,,
d_plexippus7901910.jpg,1,-
,,
d_plexippus7901914.jpg,1,-
,,
d_plexippus7901918.jpg,1,-
,,
d_plexippus7902138.jpg,1,-
,,
d_plexippus7902603.jpg,1,-
,,
d_plexippus7904020.jpg,0,L
,,
d_plexippus7904021.jpg,0,L
,,
d_plexippus7906971.jpg,1,-
,,
d_plexippus7906991.jpg,0,L
,,
d_plexippus7908030.jpg,1,-
,,
d_plexippus7909038.jpg,1,-
,,
d_plexippus7909297.jpg,0,L
,,
d_plexippus7909743.jpg,1,-
,,
d_plexippus7909859.jpg,0,L
,,
d_plexippus7910028.jpg,1,-
,,
d_plexippus7910029.jpg,1,-
,,
d_plexippus7910030.jpg,1,-
,,
d_plexippus7910204.jpg,0,L
,,
d_plexippus7911199.jpg,1,-
,,
d_plexippus7911204.jpg,1,-
,,
d_plexippus7911212.jpg,1,-
,,
d_plexippus7911214.jpg,1,-
,,
d_plexippus7911221.jpg,1,-
,,
d_plexippus7911224.jpg,1,-
,,
d_plexippus7915687.jpg,1,-
,,
d_plexippus7917693.jpg,1,-
,,
d_plexippus7917811.jpg,1,-
,,
d_plexippus7919470.jpg,1,-
,,
d_plexippus7919489.jpg,0,L
,,
d_plexippus7919931.jpg,1,-
,,
d_plexippus7920948.jpg,0,L
,,
d_plexippus7921270.jpg,0,L
,,
d_plexippus7922214.jpg,1,-
,,
d_plexippus7922689.jpg,1,-
,,
d_plexippus7922862.jpg,1,-
,,
d_plexippus7924054.jpg,1,-
,,
d_plexippus7924115.jpg,1,-
,,
d_plexippus7927964.jpg,1,-
,,
d_plexippus7929072.jpg,1,-
,,
d_plexippus7931003.jpg,1,-
,,
d_plexippus7931305.jpg,0,L
,,
d_plexippus7931438.jpg,0,L
,,
d_plexippus7931486.jpg,0,L
,,
d_plexippus7931489.jpg,0,L
,,
d_plexippus7931574.jpg,1,-
,,
d_plexippus7931583.jpg,1,-
,,
d_plexippus7931679.jpg,1,-
,,
d_plexippus7931808.jpg,1,-
,,
d_plexippus7931876.jpg,0,L
,,
d_plexippus7932358.jpg,1,-
,,
d_plexippus7932415.jpg,1,-
,,
d_plexippus7932941.jpg,1,-
,,
d_plexippus7933311.jpg,1,-
,,
d_plexippus7934485.jpg,1,-
,,
d_plexippus7934615.jpg,1,-
,,
d_plexippus7935087.jpg,1,-
,,
d_plexippus7935391.jpg,1,-
,,
d_plexippus7935582.jpg,1,-
,,
d_plexippus7935650.jpg,0,L
,,
d_plexippus7936548.jpg,1,-
,,
d_plexippus7939684.jpg,0,P
,,
d_plexippus7943140.jpg,0,L
,,
d_plexippus7944088.jpg,0,P
,,
d_plexippus7944502.jpg,1,-
,,
d_plexippus7945498.jpg,1,-
,,
d_plexippus7947119.jpg,0,L
,,
d_plexippus7947369.jpg,0,L
,,
d_plexippus7948697.jpg,1,-
,,
d_plexippus7948798.jpg,0,L
,,
d_plexippus7949256.jpg,0,L
,,
d_plexippus7949305.jpg,0,L
,,
d_plexippus7952373.jpg,1,-
,,
d_plexippus7952483.jpg,1,-
,,
d_plexippus7954208.jpg,1,-
,,
d_plexippus7954898.jpg,1,-
,,
d_plexippus7955897.jpg,1,-
,,
d_plexippus7956458.jpg,1,-
,,
d_plexippus7957744.jpg,0,L
,,
d_plexippus7957904.jpg,0,L
,,
d_plexippus7959917.jpg,0,P
,,
d_plexippus7960019.jpg,1,-
,,
d_plexippus7961569.jpg,0,L
,,
d_plexippus7962303.jpg,1,-
,,
d_plexippus7962498.jpg,0,P
,,
d_plexippus7962651.jpg,1,-
,,
d_plexippus7962862.jpg,0,L
,,
d_plexippus7963136.jpg,1,-
,,
d_plexippus7963166.jpg,1,-
,,
d_plexippus7963886.jpg,0,L
,,
d_plexippus7964137.jpg,0,L
,,
d_plexippus7964306.jpg,1,-
,,
d_plexippus7964317.jpg,1,-
,,
d_plexippus7964883.jpg,1,-
,,
d_plexippus7965251.jpg,0,L
,,
d_plexippus7965470.jpg,1,-
,,
d_plexippus7965516.jpg,1,-
,,
d_plexippus7965683.jpg,1,-
,,
d_plexippus7965763.jpg,1,-
,,
d_plexippus7966052.jpg,0,L
,,
d_plexippus7966165.jpg,1,-
,,
d_plexippus7966199.jpg,0,L
,,
d_plexippus7966902.jpg,0,P
