file,life_stage,adults
p_interrogationis10026755.jpg,-,1
p_interrogationis10033975.jpg,-,1
p_interrogationis101709.jpg,-,1
p_interrogationis102215.jpg,-,1
p_interrogationis10257578.jpg,-,1
p_interrogationis10272451.jpg,-,1
p_interrogationis10284241.jpg,-,1
p_interrogationis10352241.jpg,L,0
p_interrogationis10383243.jpg,-,1
p_interrogationis10467971.jpg,-,1
p_interrogationis10512465.jpg,-,1
p_interrogationis10533326.jpg,-,1
p_interrogationis10593694.jpg,-,1
p_interrogationis10630592.jpg,-,1
p_interrogationis10659419.jpg,-,1
p_interrogationis10668749.jpg,-,1
p_interrogationis10668754.jpg,-,1
p_interrogationis10687834.jpg,-,1
p_interrogationis10716503.jpg,-,1
p_interrogationis10729003.jpg,-,1
p_interrogationis10744871.jpg,-,1
p_interrogationis10820225.jpg,-,1
p_interrogationis10832102.jpg,-,1
p_interrogationis1089489.jpg,L,0
p_interrogationis10974746.jpg,-,1
p_interrogationis1107118.jpg,-,1
p_interrogationis11187886.jpg,-,1
p_interrogationis11291426.jpg,-,1
p_interrogationis1144277.jpg,-,1
p_interrogationis11648804.jpg,-,1
p_interrogationis11949795.jpg,-,1
p_interrogationis11955924.jpg,-,1
p_interrogationis12294033.jpg,-,1
p_interrogationis12329520.jpg,-,1
p_interrogationis12379340.jpg,-,1
p_interrogationis12413633.jpg,-,1
p_interrogationis1258993.jpg,-,1
p_interrogationis12662992.jpg,-,1
p_interrogationis12685117.jpg,-,1
p_interrogationis12754162.jpg,-,1
p_interrogationis12767342.jpg,-,1
p_interrogationis12831868.jpg,-,1
p_interrogationis12834060.jpg,-,1
p_interrogationis12915819.jpg,-,1
p_interrogationis12970563.jpg,-,1
p_interrogationis12980622.jpg,L,0
p_interrogationis12989082.jpg,-,1
p_interrogationis13014114.jpg,-,1
p_interrogationis13021971.jpg,-,1
p_interrogationis13045987.jpg,-,1
p_interrogationis13077347.jpg,-,1
p_interrogationis13085243.jpg,-,1
p_interrogationis13113515.jpg,-,1
p_interrogationis13181586.jpg,-,1
p_interrogationis13233335.jpg,-,1
p_interrogationis13247827.jpg,-,1
p_interrogationis13270553.jpg,-,1
p_interrogationis13285748.jpg,-,1
p_interrogationis13315597.jpg,-,1
p_interrogationis13365898.jpg,-,1
p_interrogationis13379329.jpg,-,1
p_interrogationis13380227.jpg,-,1
p_interrogationis13397539.jpg,-,1
p_interrogationis134382.jpg,-,1
p_interrogationis13455233.jpg,-,1
p_interrogationis13462514.jpg,-,1
p_interrogationis13463042.jpg,-,1
p_interrogationis13497299.jpg,-,1
p_interrogationis13511495.jpg,-,1
p_interrogationis13523229.jpg,-,1
p_interrogationis13526913.jpg,-,1
p_interrogationis13567551.jpg,-,1
p_interrogationis1359255.jpg,-,1
p_interrogationis13612006.jpg,-,1
p_interrogationis13643938.jpg,-,1
p_interrogationis13647104.jpg,-,1
p_interrogationis13651830.jpg,-,1
p_interrogationis13653742.jpg,-,1
p_interrogationis13735927.jpg,-,1
p_interrogationis13737459.jpg,-,1
p_interrogationis13750791.jpg,-,1
p_interrogationis13754938.jpg,-,1
p_interrogationis13756523.jpg,-,1
p_interrogationis13760054.jpg,-,1
p_interrogationis13790705.jpg,-,1
p_interrogationis13791303.jpg,-,1
p_interrogationis13807599.jpg,-,1
p_interrogationis13849066.jpg,-,1
p_interrogationis13850014.jpg,-,1
p_interrogationis13864841.jpg,-,1
p_interrogationis13877285.jpg,-,1
p_interrogationis13877982.jpg,-,1
p_interrogationis13891230.jpg,-,1
p_interrogationis13898034.jpg,-,1
p_interrogationis13919975.jpg,-,1
p_interrogationis13926001.jpg,-,1
p_interrogationis13931314.jpg,-,1
p_interrogationis13967534.jpg,-,1
p_interrogationis13983408.jpg,-,1
p_interrogationis13992479.jpg,-,1
p_interrogationis13992488.jpg,-,1
p_interrogationis14010196.jpg,-,1
p_interrogationis14061510.jpg,-,1
p_interrogationis14064477.jpg,-,1
p_interrogationis14093079.jpg,-,1
p_interrogationis14103010.jpg,-,1
p_interrogationis14106534.jpg,-,1
p_interrogationis14116429.jpg,-,1
p_interrogationis14116970.jpg,-,1
p_interrogationis14124439.jpg,-,1
p_interrogationis14138888.jpg,-,1
p_interrogationis14140625.jpg,-,1
p_interrogationis14150452.jpg,-,1
p_interrogationis14150639.jpg,-,1
p_interrogationis14155634.jpg,-,1
p_interrogationis14156464.jpg,-,1
p_interrogationis141802.jpg,-,1
p_interrogationis14200950.jpg,-,1
p_interrogationis14241179.jpg,-,1
p_interrogationis14267139.jpg,-,1
p_interrogationis14268420.jpg,-,1
p_interrogationis14269244.jpg,-,1
p_interrogationis14276204.jpg,-,1
p_interrogationis14303436.jpg,-,1
p_interrogationis14312418.jpg,-,1
p_interrogationis14320591.jpg,-,1
p_interrogationis14323961.jpg,-,1
p_interrogationis14325349.jpg,-,1
p_interrogationis14325506.jpg,-,1
p_interrogationis14352362.jpg,-,1
p_interrogationis14353731.jpg,-,1
p_interrogationis14357081.jpg,-,1
p_interrogationis14358812.jpg,-,1
p_interrogationis14366081.jpg,-,1
p_interrogationis14388708.jpg,-,1
p_interrogationis14393667.jpg,-,1
p_interrogationis14393805.jpg,-,1
p_interrogationis14412793.jpg,L,0
p_interrogationis14423953.jpg,-,1
p_interrogationis14425733.jpg,-,1
p_interrogationis14435364.jpg,-,1
p_interrogationis14446557.jpg,-,1
p_interrogationis14447555.jpg,L,0
p_interrogationis14454741.jpg,-,1
p_interrogationis14456170.jpg,-,1
p_interrogationis14462516.jpg,-,1
p_interrogationis14475633.jpg,L,0
p_interrogationis14501528.jpg,-,1
p_interrogationis14502139.jpg,-,1
p_interrogationis14520676.jpg,-,1
p_interrogationis14528782.jpg,-,1
p_interrogationis14531540.jpg,-,1
p_interrogationis14531579.jpg,-,1
p_interrogationis145364.jpg,-,1
p_interrogationis14553923.jpg,-,1
p_interrogationis14555852.jpg,-,1
p_interrogationis14558728.jpg,-,1
p_interrogationis14562702.jpg,-,1
p_interrogationis14585964.jpg,-,1
p_interrogationis14606233.jpg,-,1
p_interrogationis14608771.jpg,-,1
p_interrogationis14650903.jpg,L,0
p_interrogationis14650991.jpg,L,0
p_interrogationis14655537.jpg,-,1
p_interrogationis14660712.jpg,-,1
p_interrogationis14665303.jpg,-,1
p_interrogationis14665981.jpg,-,1
p_interrogationis14674594.jpg,-,1
p_interrogationis14701504.jpg,-,1
p_interrogationis14701951.jpg,-,1
p_interrogationis14702173.jpg,-,1
p_interrogationis14716847.jpg,-,1
p_interrogationis14729319.jpg,-,1
p_interrogationis14740791.jpg,L,0
p_interrogationis14759627.jpg,-,1
p_interrogationis14765003.jpg,-,1
p_interrogationis14784884.jpg,-,1
p_interrogationis14790900.jpg,-,1
p_interrogationis14794406.jpg,-,1
p_interrogationis14807373.jpg,-,1
p_interrogationis14815862.jpg,-,1
p_interrogationis1489041.jpg,-,1
p_interrogationis14894700.jpg,-,1
p_interrogationis14897751.jpg,-,1
p_interrogationis14910336.jpg,-,1
p_interrogationis14915908.jpg,-,1
p_interrogationis14917476.jpg,-,1
p_interrogationis14926556.jpg,-,1
p_interrogationis14945161.jpg,-,1
p_interrogationis14952958.jpg,-,1
p_interrogationis14958121.jpg,-,1
p_interrogationis14982126.jpg,-,1
p_interrogationis14986974.jpg,-,1
p_interrogationis14996032.jpg,-,1
p_interrogationis15000382.jpg,-,1
p_interrogationis15002826.jpg,-,1
p_interrogationis15005275.jpg,-,1
p_interrogationis15006820.jpg,-,1
p_interrogationis15006822.jpg,-,1
p_interrogationis1501160.jpg,L,0
p_interrogationis15018519.jpg,-,1
p_interrogationis15061242.jpg,-,1
p_interrogationis15061427.jpg,-,1
p_interrogationis15062822.jpg,-,1
p_interrogationis15075472.jpg,-,1
p_interrogationis15081638.jpg,-,1
p_interrogationis15084639.jpg,-,1
p_interrogationis15090356.jpg,-,1
p_interrogationis15092620.jpg,-,1
p_interrogationis15094812.jpg,-,1
p_interrogationis15103970.jpg,-,1
p_interrogationis15107183.jpg,-,1
p_interrogationis15114533.jpg,-,1
p_interrogationis15122449.jpg,-,1
p_interrogationis15125615.jpg,-,1
p_interrogationis15130712.jpg,-,1
p_interrogationis15139729.jpg,-,1
p_interrogationis15144288.jpg,-,1
p_interrogationis15144708.jpg,-,1
p_interrogationis15145839.jpg,-,1
p_interrogationis15147029.jpg,-,1
p_interrogationis15148447.jpg,-,1
p_interrogationis15156633.jpg,-,1
p_interrogationis15159810.jpg,-,1
p_interrogationis15160125.jpg,-,1
p_interrogationis15163539.jpg,-,1
p_interrogationis15167008.jpg,-,1
p_interrogationis15176821.jpg,-,1
p_interrogationis15181809.jpg,-,1
p_interrogationis15212673.jpg,-,1
p_interrogationis1522290.jpg,-,1
p_interrogationis15229253.jpg,-,1
p_interrogationis15230068.jpg,-,1
p_interrogationis15247523.jpg,-,1
p_interrogationis15253454.jpg,-,1
p_interrogationis15261299.jpg,-,1
p_interrogationis15261502.jpg,-,1
p_interrogationis15268805.jpg,-,1
p_interrogationis15269967.jpg,L,0
p_interrogationis15273567.jpg,-,1
p_interrogationis15282997.jpg,-,1
p_interrogationis15283002.jpg,-,1
p_interrogationis1528427.jpg,-,1
p_interrogationis15288053.jpg,-,1
p_interrogationis15304422.jpg,L,0
p_interrogationis15306913.jpg,-,1
p_interrogationis15314267.jpg,-,1
p_interrogationis15330751.jpg,L,0
p_interrogationis15331090.jpg,-,1
p_interrogationis15339686.jpg,-,1
p_interrogationis15339773.jpg,-,1
p_interrogationis15345464.jpg,-,1
p_interrogationis15350474.jpg,-,1
p_interrogationis15353594.jpg,-,1
p_interrogationis15372553.jpg,-,1
p_interrogationis15383605.jpg,-,1
p_interrogationis15389600.jpg,L,0
p_interrogationis15399994.jpg,-,1
p_interrogationis15400596.jpg,-,1
p_interrogationis15401915.jpg,-,1
p_interrogationis15404308.jpg,L,0
p_interrogationis15406304.jpg,-,1
p_interrogationis1540761.jpg,-,1
p_interrogationis15409794.jpg,-,1
p_interrogationis15429714.jpg,-,1
p_interrogationis15433893.jpg,-,1
p_interrogationis15451410.jpg,-,1
p_interrogationis15455327.jpg,-,1
p_interrogationis15462211.jpg,-,1
p_interrogationis15465593.jpg,L,0
p_interrogationis15477361.jpg,-,1
p_interrogationis15496977.jpg,-,1
p_interrogationis15501736.jpg,-,1
p_interrogationis1550974.jpg,-,1
p_interrogationis15561825.jpg,-,1
p_interrogationis15585274.jpg,-,1
p_interrogationis15598267.jpg,-,1
p_interrogationis1562317.jpg,-,1
p_interrogationis15636487.jpg,-,1
p_interrogationis15639496.jpg,-,1
p_interrogationis15644711.jpg,-,1
p_interrogationis1565560.jpg,-,1
p_interrogationis15657258.jpg,-,1
p_interrogationis1565951.jpg,-,1
p_interrogationis15661358.jpg,-,1
p_interrogationis15689749.jpg,-,1
p_interrogationis15698533.jpg,-,1
p_interrogationis1569869.jpg,-,1
p_interrogationis15703481.jpg,-,1
p_interrogationis15705331.jpg,-,1
p_interrogationis15714705.jpg,L,0
p_interrogationis15721338.jpg,-,1
p_interrogationis15739823.jpg,-,1
p_interrogationis15742665.jpg,-,1
p_interrogationis15762006.jpg,-,1
p_interrogationis15762171.jpg,-,1
p_interrogationis15763772.jpg,-,1
p_interrogationis15765049.jpg,-,1
p_interrogationis15769912.jpg,-,1
p_interrogationis15786813.jpg,-,1
p_interrogationis15795889.jpg,-,1
p_interrogationis15821581.jpg,-,1
p_interrogationis15821609.jpg,-,1
p_interrogationis15826039.jpg,-,1
p_interrogationis15830234.jpg,-,1
p_interrogationis15845815.jpg,-,1
p_interrogationis15858627.jpg,-,1
p_interrogationis15863546.jpg,-,1
p_interrogationis15867561.jpg,-,1
p_interrogationis15872601.jpg,-,1
p_interrogationis15884215.jpg,L,0
p_interrogationis15884412.jpg,L,0
p_interrogationis15893818.jpg,-,1
p_interrogationis15894012.jpg,-,1
p_interrogationis15913782.jpg,-,1
p_interrogationis15920861.jpg,-,1
p_interrogationis15921081.jpg,L,0
p_interrogationis15930575.jpg,-,1
p_interrogationis15932625.jpg,-,1
p_interrogationis15934250.jpg,-,1
p_interrogationis15938823.jpg,-,1
p_interrogationis15984276.jpg,L,0
p_interrogationis15991039.jpg,-,1
p_interrogationis16005970.jpg,-,1
p_interrogationis16054028.jpg,-,1
p_interrogationis16057250.jpg,-,1
p_interrogationis16059698.jpg,-,1
p_interrogationis16070116.jpg,-,1
p_interrogationis16084311.jpg,-,1
p_interrogationis16089113.jpg,-,1
p_interrogationis16097999.jpg,-,1
p_interrogationis16107633.jpg,-,1
p_interrogationis16107851.jpg,-,1
p_interrogationis1610926.jpg,-,1
p_interrogationis16113067.jpg,-,1
p_interrogationis16113564.jpg,L,0
p_interrogationis16117916.jpg,-,1
p_interrogationis16140242.jpg,L,0
p_interrogationis16145852.jpg,L,0
p_interrogationis16151566.jpg,-,1
p_interrogationis16153149.jpg,-,1
p_interrogationis16153741.jpg,-,1
p_interrogationis16153742.jpg,-,1
p_interrogationis16157370.jpg,-,1
p_interrogationis16157371.jpg,-,1
p_interrogationis16163994.jpg,-,1
p_interrogationis16169590.jpg,-,1
p_interrogationis1616968.jpg,-,1
p_interrogationis16173361.jpg,-,1
p_interrogationis16177906.jpg,-,1
p_interrogationis16179793.jpg,-,1
p_interrogationis16179968.jpg,-,1
p_interrogationis16190844.jpg,-,1
p_interrogationis1619507.jpg,-,1
p_interrogationis16208634.jpg,-,1
p_interrogationis16218485.jpg,L,0
p_interrogationis16234555.jpg,-,1
p_interrogationis16242143.jpg,-,1
p_interrogationis16245833.jpg,-,1
p_interrogationis16247730.jpg,-,1
p_interrogationis1625450.jpg,-,1
p_interrogationis16259424.jpg,-,1
p_interrogationis16261272.jpg,-,1
p_interrogationis16264887.jpg,L,0
p_interrogationis16268058.jpg,-,1
p_interrogationis16268059.jpg,-,1
p_interrogationis16268611.jpg,-,1
p_interrogationis16275844.jpg,-,1
p_interrogationis16285022.jpg,-,1
p_interrogationis16290077.jpg,-,1
p_interrogationis16304056.jpg,-,1
p_interrogationis1630988.jpg,-,1
p_interrogationis16317891.jpg,-,1
p_interrogationis16322789.jpg,-,1
p_interrogationis16323543.jpg,L,0
p_interrogationis16323798.jpg,-,1
p_interrogationis16332061.jpg,-,1
p_interrogationis16338886.jpg,-,1
p_interrogationis16344160.jpg,-,1
p_interrogationis16361291.jpg,-,1
p_interrogationis16362557.jpg,-,1
p_interrogationis16362567.jpg,-,1
p_interrogationis16368776.jpg,-,1
p_interrogationis16372391.jpg,-,1
p_interrogationis16395044.jpg,-,1
p_interrogationis16395598.jpg,-,1
p_interrogationis16421984.jpg,-,1
p_interrogationis16425020.jpg,-,1
p_interrogationis16427595.jpg,-,1
p_interrogationis16428839.jpg,-,1
p_interrogationis16454826.jpg,-,1
p_interrogationis16455465.jpg,-,1
p_interrogationis16456419.jpg,-,1
p_interrogationis1645895.jpg,-,1
p_interrogationis16458972.jpg,L,0
p_interrogationis16459972.jpg,-,1
p_interrogationis16461994.jpg,-,1
p_interrogationis16467069.jpg,-,1
p_interrogationis16467969.jpg,-,1
p_interrogationis16471049.jpg,L,0
p_interrogationis16471086.jpg,-,1
p_interrogationis16477153.jpg,-,1
p_interrogationis16491558.jpg,-,1
p_interrogationis16491791.jpg,-,1
p_interrogationis16499751.jpg,L,0
p_interrogationis16513632.jpg,-,1
p_interrogationis16518341.jpg,-,1
p_interrogationis16527309.jpg,-,1
p_interrogationis16530672.jpg,L,0
p_interrogationis16535311.jpg,-,1
p_interrogationis16535314.jpg,-,1
p_interrogationis16535364.jpg,-,1
p_interrogationis16535662.jpg,-,1
p_interrogationis16540696.jpg,-,1
p_interrogationis16556350.jpg,-,1
p_interrogationis16570623.jpg,-,1
p_interrogationis16571779.jpg,-,1
p_interrogationis16574436.jpg,-,1
p_interrogationis16598371.jpg,-,1
p_interrogationis16602445.jpg,-,1
p_interrogationis16608104.jpg,-,1
p_interrogationis16609260.jpg,-,1
p_interrogationis16610809.jpg,-,1
p_interrogationis16617214.jpg,-,1
p_interrogationis16630927.jpg,-,1
p_interrogationis16641587.jpg,L,0
p_interrogationis16642039.jpg,-,1
p_interrogationis16645191.jpg,-,1
p_interrogationis16656604.jpg,-,1
p_interrogationis16665477.jpg,-,1
p_interrogationis16666239.jpg,-,1
p_interrogationis16670448.jpg,-,1
p_interrogationis16672891.jpg,L,0
p_interrogationis16679625.jpg,-,1
p_interrogationis16690538.jpg,-,1
p_interrogationis16703333.jpg,-,1
p_interrogationis16707607.jpg,-,1
p_interrogationis16708547.jpg,-,1
p_interrogationis16709532.jpg,-,1
p_interrogationis16712410.jpg,-,1
p_interrogationis16716526.jpg,-,1
p_interrogationis16717390.jpg,-,1
p_interrogationis16720501.jpg,-,1
p_interrogationis16724324.jpg,-,1
p_interrogationis16730998.jpg,L,0
p_interrogationis16733867.jpg,-,1
p_interrogationis16736944.jpg,-,1
p_interrogationis16745844.jpg,-,1
p_interrogationis16752810.jpg,-,1
p_interrogationis1675861.jpg,-,1
p_interrogationis16770182.jpg,-,1
p_interrogationis16771059.jpg,-,1
p_interrogationis16774517.jpg,-,1
p_interrogationis16777935.jpg,-,1
p_interrogationis16788499.jpg,-,1
p_interrogationis16793329.jpg,-,1
p_interrogationis16802464.jpg,L,0
p_interrogationis16803121.jpg,-,1
p_interrogationis16815839.jpg,-,1
p_interrogationis16826781.jpg,-,1
p_interrogationis16831803.jpg,-,1
p_interrogationis16835519.jpg,-,1
p_interrogationis16836606.jpg,-,1
p_interrogationis16865744.jpg,-,1
p_interrogationis16867451.jpg,-,1
p_interrogationis16877765.jpg,-,1
p_interrogationis16881055.jpg,-,1
p_interrogationis16909387.jpg,-,1
p_interrogationis16919911.jpg,-,1
p_interrogationis16919916.jpg,-,1
p_interrogationis16919939.jpg,-,1
p_interrogationis16920459.jpg,-,1
p_interrogationis16930734.jpg,-,1
p_interrogationis16951213.jpg,-,1
p_interrogationis1695629.jpg,L,0
p_interrogationis16995564.jpg,-,1
p_interrogationis16996303.jpg,-,1
p_interrogationis16996304.jpg,-,1
p_interrogationis16996484.jpg,-,1
p_interrogationis16996487.jpg,-,1
p_interrogationis16996879.jpg,-,1
p_interrogationis16996998.jpg,-,1
p_interrogationis17002391.jpg,-,1
p_interrogationis17002445.jpg,-,1
p_interrogationis17003500.jpg,-,1
p_interrogationis17005045.jpg,-,1
p_interrogationis17005629.jpg,-,1
p_interrogationis17005793.jpg,-,1
p_interrogationis17008518.jpg,-,1
p_interrogationis17009053.jpg,-,1
p_interrogationis17012723.jpg,-,1
p_interrogationis17023469.jpg,-,1
p_interrogationis17024898.jpg,-,1
p_interrogationis1702514.jpg,-,1
p_interrogationis17028941.jpg,-,1
p_interrogationis17032395.jpg,-,1
p_interrogationis17032865.jpg,-,1
p_interrogationis1703319.jpg,-,1
p_interrogationis17034388.jpg,-,1
p_interrogationis1703845.jpg,-,1
p_interrogationis17059296.jpg,-,1
p_interrogationis17067986.jpg,-,1
p_interrogationis17068574.jpg,-,1
p_interrogationis1706894.jpg,-,1
p_interrogationis17069460.jpg,-,1
p_interrogationis17073074.jpg,-,1
p_interrogationis17074778.jpg,-,1
p_interrogationis17080434.jpg,-,1
p_interrogationis17081345.jpg,-,1
p_interrogationis17081426.jpg,-,1
p_interrogationis17083193.jpg,-,1
p_interrogationis17083917.jpg,-,1
p_interrogationis17094781.jpg,-,1
p_interrogationis17099589.jpg,-,1
p_interrogationis17104742.jpg,-,1
p_interrogationis17110009.jpg,-,1
p_interrogationis17112267.jpg,-,1
p_interrogationis17113158.jpg,-,1
p_interrogationis17114626.jpg,-,1
p_interrogationis17118971.jpg,-,1
p_interrogationis17132756.jpg,-,1
p_interrogationis17136466.jpg,-,1
p_interrogationis17145136.jpg,-,1
p_interrogationis17146562.jpg,-,1
p_interrogationis17159461.jpg,-,1
p_interrogationis17161474.jpg,-,1
p_interrogationis17163417.jpg,-,1
p_interrogationis17165233.jpg,-,1
p_interrogationis17192154.jpg,-,1
p_interrogationis1720809.jpg,-,1
p_interrogationis17216762.jpg,-,1
p_interrogationis1722056.jpg,-,1
p_interrogationis17229973.jpg,-,1
p_interrogationis17230450.jpg,-,1
p_interrogationis17231810.jpg,-,1
p_interrogationis17247087.jpg,-,1
p_interrogationis17250242.jpg,-,1
p_interrogationis17254946.jpg,-,1
p_interrogationis17260699.jpg,-,1
p_interrogationis17263223.jpg,-,1
p_interrogationis17280568.jpg,-,1
p_interrogationis17288879.jpg,-,1
p_interrogationis17298401.jpg,-,1
p_interrogationis17326834.jpg,-,1
p_interrogationis17359119.jpg,-,1
p_interrogationis17390858.jpg,-,1
p_interrogationis17391955.jpg,L,0
p_interrogationis17393022.jpg,-,1
p_interrogationis17402846.jpg,-,1
p_interrogationis17403132.jpg,-,1
p_interrogationis17425671.jpg,-,1
p_interrogationis17426880.jpg,-,1
p_interrogationis1745730.jpg,-,1
p_interrogationis17462584.jpg,-,1
p_interrogationis17471035.jpg,-,1
p_interrogationis17505764.jpg,-,1
p_interrogationis17546053.jpg,-,1
p_interrogationis1754929.jpg,-,1
p_interrogationis17569549.jpg,-,1
p_interrogationis17572311.jpg,-,1
p_interrogationis17575280.jpg,L,0
p_interrogationis17581349.jpg,-,1
p_interrogationis17599002.jpg,-,1
p_interrogationis17611154.jpg,-,1
p_interrogationis17646676.jpg,L,0
p_interrogationis17654031.jpg,-,1
p_interrogationis17655954.jpg,-,1
p_interrogationis17655977.jpg,-,1
p_interrogationis17672969.jpg,-,1
p_interrogationis176807.jpg,-,1
p_interrogationis17687695.jpg,-,1
p_interrogationis17702107.jpg,-,1
p_interrogationis17707262.jpg,-,1
p_interrogationis17711299.jpg,-,1
p_interrogationis1773265.jpg,-,1
p_interrogationis17754553.jpg,-,1
p_interrogationis17755467.jpg,-,1
p_interrogationis17769428.jpg,-,1
p_interrogationis17769469.jpg,L,0
p_interrogationis17778207.jpg,-,1
p_interrogationis17782951.jpg,-,1
p_interrogationis17785336.jpg,-,1
p_interrogationis17793475.jpg,-,1
p_interrogationis17810175.jpg,-,1
p_interrogationis17811181.jpg,-,1
p_interrogationis17824530.jpg,-,1
p_interrogationis17839242.jpg,-,1
p_interrogationis17907475.jpg,-,1
p_interrogationis17916921.jpg,-,1
p_interrogationis17927774.jpg,-,1
p_interrogationis17937834.jpg,-,1
p_interrogationis17939467.jpg,-,1
p_interrogationis17964557.jpg,-,1
p_interrogationis17978832.jpg,-,1
p_interrogationis17999848.jpg,-,1
p_interrogationis18002725.jpg,-,1
p_interrogationis18023548.jpg,-,1
p_interrogationis18109675.jpg,-,1
p_interrogationis18135425.jpg,-,1
p_interrogationis18154309.jpg,-,1
p_interrogationis18181477.jpg,-,1
p_interrogationis18191011.jpg,-,1
p_interrogationis1821604.jpg,-,1
p_interrogationis18233268.jpg,-,1
p_interrogationis18260696.jpg,-,1
p_interrogationis1829649.jpg,-,1
p_interrogationis18326917.jpg,-,1
p_interrogationis1832903.jpg,-,1
p_interrogationis18329373.jpg,-,1
p_interrogationis18367751.jpg,-,1
p_interrogationis1841173.jpg,-,1
p_interrogationis18453476.jpg,-,1
p_interrogationis18453512.jpg,-,1
p_interrogationis1845730.jpg,-,1
p_interrogationis18457909.jpg,-,1
p_interrogationis18473051.jpg,-,1
p_interrogationis18480251.jpg,-,1
p_interrogationis1848767.jpg,-,1
p_interrogationis18514706.jpg,-,1
p_interrogationis18551804.jpg,-,1
p_interrogationis18562623.jpg,-,1
p_interrogationis18566821.jpg,-,1
p_interrogationis18626570.jpg,-,1
p_interrogationis18635891.jpg,-,1
p_interrogationis18728088.jpg,-,1
p_interrogationis18741328.jpg,-,1
p_interrogationis18754623.jpg,P,0
p_interrogationis18761471.jpg,-,1
p_interrogationis1876952.jpg,-,1
p_interrogationis18781413.jpg,-,1
p_interrogationis1878875.jpg,-,1
p_interrogationis18826509.jpg,-,1
p_interrogationis1892411.jpg,L,0
p_interrogationis1899276.jpg,-,1
p_interrogationis1899991.jpg,L,0
p_interrogationis19010949.jpg,-,1
p_interrogationis19032241.jpg,-,1
p_interrogationis1905630.jpg,-,1
p_interrogationis1906096.jpg,L,0
p_interrogationis19080467.jpg,-,1
p_interrogationis1912748.jpg,-,1
p_interrogationis19138210.jpg,-,1
p_interrogationis19158234.jpg,-,1
p_interrogationis1919771.jpg,-,1
p_interrogationis19197970.jpg,-,1
p_interrogationis19203737.jpg,-,1
p_interrogationis19214787.jpg,-,1
p_interrogationis19232084.jpg,-,1
p_interrogationis19263100.jpg,-,1
p_interrogationis19391178.jpg,-,1
p_interrogationis19448572.jpg,-,1
p_interrogationis19470475.jpg,-,1
p_interrogationis19544118.jpg,-,1
p_interrogationis1957956.jpg,-,1
p_interrogationis19668202.jpg,-,1
p_interrogationis19668203.jpg,-,1
p_interrogationis19668204.jpg,-,1
p_interrogationis19668205.jpg,-,1
p_interrogationis19702012.jpg,-,1
p_interrogationis19815893.jpg,-,1
p_interrogationis19854318.jpg,-,1
p_interrogationis19854319.jpg,-,1
p_interrogationis19920332.jpg,-,1
p_interrogationis19920372.jpg,-,1
p_interrogationis1997312.jpg,-,1
p_interrogationis19979951.jpg,-,1
p_interrogationis2003311.jpg,-,1
p_interrogationis2006367.jpg,-,1
p_interrogationis20065619.jpg,-,1
p_interrogationis2011648.jpg,-,1
p_interrogationis20145743.jpg,-,1
p_interrogationis2015788.jpg,-,1
p_interrogationis20239181.jpg,-,1
p_interrogationis20293625.jpg,-,1
p_interrogationis20293631.jpg,-,1
p_interrogationis20365196.jpg,-,1
p_interrogationis20784219.jpg,-,1
p_interrogationis20786457.jpg,-,1
p_interrogationis20791946.jpg,-,1
p_interrogationis20988291.jpg,-,1
p_interrogationis20994443.jpg,-,1
p_interrogationis21131702.jpg,-,1
p_interrogationis21189101.jpg,-,1
p_interrogationis21237781.jpg,-,1
p_interrogationis21238857.jpg,-,1
p_interrogationis21263792.jpg,-,1
p_interrogationis21278579.jpg,-,1
p_interrogationis21334085.jpg,-,1
p_interrogationis21334262.jpg,-,1
p_interrogationis21394819.jpg,-,1
p_interrogationis21397506.jpg,-,1
p_interrogationis21417509.jpg,-,1
p_interrogationis21492142.jpg,-,1
p_interrogationis21498832.jpg,-,1
p_interrogationis21579321.jpg,-,1
p_interrogationis21599940.jpg,-,1
p_interrogationis21638352.jpg,-,1
p_interrogationis21677256.jpg,-,1
p_interrogationis21799186.jpg,-,1
p_interrogationis21804041.jpg,-,1
p_interrogationis21854722.jpg,-,1
p_interrogationis21854851.jpg,-,1
p_interrogationis21865720.jpg,-,1
p_interrogationis21925019.jpg,-,1
p_interrogationis21958151.jpg,-,1
p_interrogationis21959708.jpg,-,1
p_interrogationis21987821.jpg,-,1
p_interrogationis22095053.jpg,-,1
p_interrogationis22112471.jpg,-,1
p_interrogationis22123886.jpg,-,1
p_interrogationis22144834.jpg,-,1
p_interrogationis22145124.jpg,-,1
p_interrogationis22156442.jpg,-,1
p_interrogationis22167334.jpg,-,1
p_interrogationis22191683.jpg,-,1
p_interrogationis22203018.jpg,-,1
p_interrogationis22307391.jpg,-,1
p_interrogationis22427817.jpg,-,1
p_interrogationis22459888.jpg,-,1
p_interrogationis22494505.jpg,-,1
p_interrogationis22502761.jpg,-,1
p_interrogationis22591818.jpg,-,1
p_interrogationis22620448.jpg,-,1
p_interrogationis226280.jpg,-,1
p_interrogationis22654803.jpg,-,1
p_interrogationis22688028.jpg,-,1
p_interrogationis2283807.jpg,-,1
p_interrogationis22857037.jpg,-,1
p_interrogationis22902574.jpg,-,1
p_interrogationis22915863.jpg,-,1
p_interrogationis22979300.jpg,-,1
p_interrogationis229940.jpg,-,1
p_interrogationis229941.jpg,L,0
p_interrogationis23035913.jpg,-,1
p_interrogationis23246918.jpg,-,1
p_interrogationis23454668.jpg,-,1
p_interrogationis2354419.jpg,-,1
p_interrogationis23556147.jpg,-,1
p_interrogationis23682762.jpg,-,1
p_interrogationis23690799.jpg,-,1
p_interrogationis23765098.jpg,-,1
p_interrogationis24007.jpg,-,1
p_interrogationis2408259.jpg,-,1
p_interrogationis24092763.jpg,-,1
p_interrogationis24173237.jpg,-,1
p_interrogationis24378029.jpg,-,1
p_interrogationis24427354.jpg,-,1
p_interrogationis24427355.jpg,-,1
p_interrogationis24427356.jpg,-,1
p_interrogationis24482230.jpg,-,1
p_interrogationis24482247.jpg,-,1
p_interrogationis24483748.jpg,-,1
p_interrogationis24548021.jpg,-,1
p_interrogationis24579000.jpg,-,1
p_interrogationis24636149.jpg,-,1
p_interrogationis24636867.jpg,-,1
p_interrogationis24638087.jpg,-,1
p_interrogationis24776344.jpg,-,1
p_interrogationis24797741.jpg,L,0
p_interrogationis24903257.jpg,-,1
p_interrogationis24912492.jpg,-,1
p_interrogationis24942538.jpg,-,1
p_interrogationis24946339.jpg,-,1
p_interrogationis24946953.jpg,-,1
p_interrogationis24962910.jpg,-,1
p_interrogationis24973923.jpg,-,1
p_interrogationis24974247.jpg,-,1
p_interrogationis24992149.jpg,-,1
p_interrogationis24995068.jpg,-,1
p_interrogationis25028123.jpg,-,1
p_interrogationis25039029.jpg,-,1
p_interrogationis25061378.jpg,-,1
p_interrogationis25061613.jpg,-,1
p_interrogationis25061614.jpg,-,1
p_interrogationis25061742.jpg,-,1
p_interrogationis25082943.jpg,-,1
p_interrogationis25137260.jpg,-,1
p_interrogationis25143603.jpg,-,1
p_interrogationis25146754.jpg,-,1
p_interrogationis25177923.jpg,-,1
p_interrogationis25179679.jpg,-,1
p_interrogationis25184182.jpg,-,1
p_interrogationis25187687.jpg,-,1
p_interrogationis25205244.jpg,-,1
p_interrogationis25212957.jpg,-,1
p_interrogationis25214157.jpg,-,1
p_interrogationis25223786.jpg,-,1
p_interrogationis25227779.jpg,-,1
p_interrogationis25260296.jpg,-,1
p_interrogationis25287930.jpg,-,1
p_interrogationis25291929.jpg,-,1
p_interrogationis25309978.jpg,-,1
p_interrogationis25314873.jpg,-,1
p_interrogationis25317503.jpg,-,1
p_interrogationis25324984.jpg,-,1
p_interrogationis25342998.jpg,-,1
p_interrogationis25350906.jpg,-,1
p_interrogationis25353663.jpg,-,1
p_interrogationis25357363.jpg,-,1
p_interrogationis25358845.jpg,-,1
p_interrogationis25363466.jpg,-,1
p_interrogationis25381932.jpg,-,1
p_interrogationis25383027.jpg,-,1
p_interrogationis25391652.jpg,-,1
p_interrogationis25399650.jpg,-,1
p_interrogationis25404084.jpg,-,1
p_interrogationis25409424.jpg,-,1
p_interrogationis25410376.jpg,-,1
p_interrogationis25411530.jpg,-,1
p_interrogationis25421627.jpg,-,1
p_interrogationis25421760.jpg,-,1
p_interrogationis25436563.jpg,-,1
p_interrogationis25451248.jpg,-,1
p_interrogationis25452739.jpg,-,1
p_interrogationis25453580.jpg,-,1
p_interrogationis25453933.jpg,-,1
p_interrogationis25454043.jpg,-,1
p_interrogationis25458029.jpg,-,1
p_interrogationis25459590.jpg,-,1
p_interrogationis25462859.jpg,-,1
p_interrogationis25487131.jpg,-,1
p_interrogationis2549803.jpg,L,0
p_interrogationis2549816.jpg,L,0
p_interrogationis2549824.jpg,-,1
p_interrogationis25499864.jpg,-,1
p_interrogationis25510113.jpg,-,1
p_interrogationis25510540.jpg,-,1
p_interrogationis25511680.jpg,-,1
p_interrogationis25518949.jpg,-,1
p_interrogationis25524829.jpg,-,1
p_interrogationis25525621.jpg,-,1
p_interrogationis25528200.jpg,-,1
p_interrogationis25531289.jpg,-,1
p_interrogationis25535235.jpg,-,1
p_interrogationis25535360.jpg,-,1
p_interrogationis25535465.jpg,-,1
p_interrogationis25535682.jpg,-,1
p_interrogationis25538154.jpg,-,1
p_interrogationis25556340.jpg,-,1
p_interrogationis25558672.jpg,-,1
p_interrogationis25567095.jpg,-,1
p_interrogationis25573200.jpg,-,1
p_interrogationis25581758.jpg,-,1
p_interrogationis25581760.jpg,-,1
p_interrogationis25584285.jpg,-,1
p_interrogationis25592636.jpg,-,1
p_interrogationis25595734.jpg,-,1
p_interrogationis25619809.jpg,-,1
p_interrogationis25634170.jpg,-,1
p_interrogationis25642284.jpg,-,1
p_interrogationis25653352.jpg,-,1
p_interrogationis25653620.jpg,-,1
p_interrogationis25675762.jpg,-,1
p_interrogationis25677480.jpg,-,1
p_interrogationis25680194.jpg,-,1
p_interrogationis25685696.jpg,-,1
p_interrogationis25689248.jpg,-,1
p_interrogationis25703999.jpg,-,1
p_interrogationis25712195.jpg,-,1
p_interrogationis25712336.jpg,-,1
p_interrogationis25713607.jpg,-,1
p_interrogationis25740340.jpg,-,1
p_interrogationis25744361.jpg,-,1
p_interrogationis25744366.jpg,-,1
p_interrogationis25763029.jpg,-,1
p_interrogationis25763058.jpg,-,1
p_interrogationis25765635.jpg,-,1
p_interrogationis25768717.jpg,-,1
p_interrogationis25768760.jpg,-,1
p_interrogationis25778795.jpg,-,1
p_interrogationis25780897.jpg,-,1
p_interrogationis25786161.jpg,-,1
p_interrogationis25790184.jpg,-,1
p_interrogationis25797628.jpg,-,1
p_interrogationis25800789.jpg,-,1
p_interrogationis25810140.jpg,-,1
p_interrogationis25821321.jpg,-,1
p_interrogationis25838181.jpg,-,1
p_interrogationis25845914.jpg,-,1
p_interrogationis25849425.jpg,-,1
p_interrogationis25857803.jpg,-,1
p_interrogationis25894953.jpg,-,1
p_interrogationis25901159.jpg,-,1
p_interrogationis25901868.jpg,-,1
p_interrogationis25903974.jpg,-,1
p_interrogationis25904201.jpg,-,1
p_interrogationis25935108.jpg,-,1
p_interrogationis25943736.jpg,-,1
p_interrogationis25950977.jpg,-,1
p_interrogationis25962765.jpg,-,1
p_interrogationis25972077.jpg,-,1
p_interrogationis25972352.jpg,-,1
p_interrogationis25974151.jpg,-,1
p_interrogationis25992796.jpg,-,1
p_interrogationis26016545.jpg,-,1
p_interrogationis26020599.jpg,-,1
p_interrogationis26056287.jpg,-,1
p_interrogationis26065482.jpg,-,1
p_interrogationis26066457.jpg,-,1
p_interrogationis26067948.jpg,-,1
p_interrogationis26086110.jpg,-,1
p_interrogationis26116672.jpg,-,1
p_interrogationis26123410.jpg,-,1
p_interrogationis26125365.jpg,-,1
p_interrogationis26129577.jpg,-,1
p_interrogationis26141346.jpg,-,1
p_interrogationis26141772.jpg,-,1
p_interrogationis26142803.jpg,-,1
p_interrogationis26143183.jpg,-,1
p_interrogationis26146412.jpg,-,1
p_interrogationis26146980.jpg,-,1
p_interrogationis26147649.jpg,-,1
p_interrogationis26150086.jpg,-,1
p_interrogationis26153367.jpg,-,1
p_interrogationis26154909.jpg,-,1
p_interrogationis26156443.jpg,-,1
p_interrogationis26174675.jpg,-,1
p_interrogationis26177834.jpg,-,1
p_interrogationis26187258.jpg,-,1
p_interrogationis26189267.jpg,-,1
p_interrogationis26189369.jpg,-,1
p_interrogationis26206969.jpg,-,1
p_interrogationis26222108.jpg,-,1
p_interrogationis26226.jpg,-,1
p_interrogationis26244549.jpg,-,1
p_interrogationis26244563.jpg,-,1
p_interrogationis26262602.jpg,-,1
p_interrogationis26281026.jpg,-,1
p_interrogationis26282104.jpg,-,1
p_interrogationis26290102.jpg,-,1
p_interrogationis26291101.jpg,-,1
p_interrogationis26318804.jpg,-,1
p_interrogationis26319576.jpg,-,1
p_interrogationis26323346.jpg,-,1
p_interrogationis26338578.jpg,-,1
p_interrogationis26339710.jpg,-,1
p_interrogationis26342363.jpg,-,1
p_interrogationis26343652.jpg,-,1
p_interrogationis26343814.jpg,-,1
p_interrogationis26349197.jpg,-,1
p_interrogationis26351283.jpg,-,1
p_interrogationis26352150.jpg,-,1
p_interrogationis26362417.jpg,-,1
p_interrogationis26391963.jpg,-,1
p_interrogationis2814403.jpg,-,1
p_interrogationis2880425.jpg,-,1
p_interrogationis2968137.jpg,-,1
p_interrogationis302257.jpg,-,1
p_interrogationis3083292.jpg,-,1
p_interrogationis313462.jpg,-,1
p_interrogationis313941.jpg,-,1
p_interrogationis3148715.jpg,-,1
p_interrogationis3161611.jpg,-,1
p_interrogationis3233422.jpg,-,1
p_interrogationis3270753.jpg,-,1
p_interrogationis328817.jpg,-,1
p_interrogationis329456.jpg,-,1
p_interrogationis329458.jpg,-,1
p_interrogationis331396.jpg,-,1
p_interrogationis331799.jpg,-,1
p_interrogationis338557.jpg,-,1
p_interrogationis3390601.jpg,-,1
p_interrogationis3417117.jpg,-,1
p_interrogationis341801.jpg,-,1
p_interrogationis3433781.jpg,-,1
p_interrogationis3445993.jpg,-,1
p_interrogationis3452748.jpg,-,1
p_interrogationis3489361.jpg,-,1
p_interrogationis3489662.jpg,-,1
p_interrogationis355747.jpg,-,1
p_interrogationis356768.jpg,-,1
p_interrogationis364187.jpg,-,1
p_interrogationis364547.jpg,-,1
p_interrogationis3653767.jpg,-,1
p_interrogationis3656066.jpg,-,1
p_interrogationis3667874.jpg,-,1
p_interrogationis3695256.jpg,-,1
p_interrogationis3696438.jpg,-,1
p_interrogationis369769.jpg,-,1
p_interrogationis3714528.jpg,-,1
p_interrogationis373528.jpg,-,1
p_interrogationis3746411.jpg,-,1
p_interrogationis3762554.jpg,-,1
p_interrogationis3782123.jpg,-,1
p_interrogationis3786587.jpg,-,1
p_interrogationis3790537.jpg,-,1
p_interrogationis3791715.jpg,-,1
p_interrogationis3834680.jpg,-,1
p_interrogationis3842023.jpg,L,0
p_interrogationis3853746.jpg,-,1
p_interrogationis3866796.jpg,-,1
p_interrogationis3871260.jpg,-,1
p_interrogationis387415.jpg,-,1
p_interrogationis3887407.jpg,-,1
p_interrogationis3898716.jpg,-,1
p_interrogationis3905616.jpg,-,1
p_interrogationis3926155.jpg,-,1
p_interrogationis3937727.jpg,L,0
p_interrogationis394783.jpg,-,1
p_interrogationis3947919.jpg,-,1
p_interrogationis3960070.jpg,-,1
p_interrogationis3963148.jpg,-,1
p_interrogationis3963512.jpg,-,1
p_interrogationis3972145.jpg,-,1
p_interrogationis3972335.jpg,-,1
p_interrogationis3972443.jpg,-,1
p_interrogationis4001544.jpg,-,1
p_interrogationis4007786.jpg,-,1
p_interrogationis4013665.jpg,L,0
p_interrogationis4027894.jpg,-,1
p_interrogationis4039795.jpg,-,1
p_interrogationis4042273.jpg,-,1
p_interrogationis405577.jpg,-,1
p_interrogationis4080891.jpg,-,1
p_interrogationis4082803.jpg,-,1
p_interrogationis4090849.jpg,-,1
p_interrogationis4092726.jpg,-,1
p_interrogationis4102154.jpg,-,1
p_interrogationis4138729.jpg,-,1
p_interrogationis4140314.jpg,-,1
p_interrogationis4141005.jpg,-,1
p_interrogationis4147311.jpg,-,1
p_interrogationis4147440.jpg,L,0
p_interrogationis4183059.jpg,-,1
p_interrogationis4185942.jpg,-,1
p_interrogationis4195230.jpg,-,1
p_interrogationis4201038.jpg,-,1
p_interrogationis4232735.jpg,-,1
p_interrogationis4242159.jpg,-,1
p_interrogationis4242166.jpg,-,1
p_interrogationis4253208.jpg,-,1
p_interrogationis4253889.jpg,-,1
p_interrogationis4263196.jpg,-,1
p_interrogationis4294207.jpg,-,1
p_interrogationis4297985.jpg,-,1
p_interrogationis4302317.jpg,-,1
p_interrogationis4307873.jpg,-,1
p_interrogationis4317862.jpg,-,1
p_interrogationis432903.jpg,-,1
p_interrogationis433137.jpg,-,1
p_interrogationis4334934.jpg,-,1
p_interrogationis4336118.jpg,-,1
p_interrogationis4344488.jpg,-,1
p_interrogationis4352592.jpg,-,1
p_interrogationis4381176.jpg,-,1
p_interrogationis4381207.jpg,-,1
p_interrogationis4395856.jpg,-,1
p_interrogationis4450448.jpg,-,1
p_interrogationis4450453.jpg,-,1
p_interrogationis4460764.jpg,-,1
p_interrogationis4461005.jpg,-,1
p_interrogationis4475915.jpg,-,1
p_interrogationis4478523.jpg,-,1
p_interrogationis4511877.jpg,-,1
p_interrogationis45466.jpg,-,1
p_interrogationis4573330.jpg,-,1
p_interrogationis4578996.jpg,-,1
p_interrogationis4608281.jpg,-,1
p_interrogationis4616867.jpg,-,1
p_interrogationis4617645.jpg,-,1
p_interrogationis4657702.jpg,-,1
p_interrogationis4662208.jpg,-,1
p_interrogationis4662270.jpg,-,1
p_interrogationis4667322.jpg,-,1
p_interrogationis4717571.jpg,-,1
p_interrogationis4731774.jpg,-,1
p_interrogationis4737533.jpg,L,0
p_interrogationis488969.jpg,-,1
p_interrogationis489037.jpg,-,1
p_interrogationis4932114.jpg,-,1
p_interrogationis4932199.jpg,-,1
p_interrogationis5009984.jpg,-,1
p_interrogationis5062856.jpg,-,1
p_interrogationis5136179.jpg,-,1
p_interrogationis5170681.jpg,-,1
p_interrogationis5175316.jpg,-,1
p_interrogationis5195861.jpg,-,1
p_interrogationis5289660.jpg,-,1
p_interrogationis533620.jpg,-,1
p_interrogationis5374449.jpg,-,1
p_interrogationis5401259.jpg,-,1
p_interrogationis5425120.jpg,-,1
p_interrogationis5425221.jpg,-,1
p_interrogationis5425760.jpg,-,1
p_interrogationis5425804.jpg,-,1
p_interrogationis5434971.jpg,-,1
p_interrogationis545423.jpg,-,1
p_interrogationis5460454.jpg,-,1
p_interrogationis5477811.jpg,-,1
p_interrogationis5544471.jpg,-,1
p_interrogationis5544595.jpg,-,1
p_interrogationis5595536.jpg,-,1
p_interrogationis5595538.jpg,-,1
p_interrogationis5616475.jpg,-,1
p_interrogationis5625396.jpg,-,1
p_interrogationis5625397.jpg,-,1
p_interrogationis5638895.jpg,-,1
p_interrogationis5642991.jpg,-,1
p_interrogationis5653149.jpg,-,1
p_interrogationis5742525.jpg,-,1
p_interrogationis5742914.jpg,-,1
p_interrogationis5767668.jpg,-,1
p_interrogationis5806620.jpg,-,1
p_interrogationis5814636.jpg,-,1
p_interrogationis5838530.jpg,-,1
p_interrogationis5843546.jpg,-,1
p_interrogationis58536.jpg,-,1
p_interrogationis58639.jpg,-,1
p_interrogationis5878583.jpg,-,1
p_interrogationis5881175.jpg,-,1
p_interrogationis5930436.jpg,-,1
p_interrogationis5950746.jpg,-,1
p_interrogationis5983497.jpg,-,1
p_interrogationis5983849.jpg,-,1
p_interrogationis6002089.jpg,-,1
p_interrogationis6003206.jpg,-,1
p_interrogationis6122091.jpg,-,1
p_interrogationis6128093.jpg,-,1
p_interrogationis6160101.jpg,-,1
p_interrogationis6176354.jpg,-,1
p_interrogationis6201301.jpg,-,1
p_interrogationis6227483.jpg,-,1
p_interrogationis6238466.jpg,-,1
p_interrogationis6238994.jpg,-,1
p_interrogationis6239026.jpg,-,1
p_interrogationis6239027.jpg,-,1
p_interrogationis6262782.jpg,-,1
p_interrogationis6262800.jpg,-,1
p_interrogationis6293661.jpg,-,1
p_interrogationis6293803.jpg,-,1
p_interrogationis6323029.jpg,-,1
p_interrogationis6340689.jpg,-,1
p_interrogationis6341004.jpg,-,1
p_interrogationis6347257.jpg,-,1
p_interrogationis6352792.jpg,-,1
p_interrogationis6373407.jpg,-,1
p_interrogationis6401235.jpg,-,1
p_interrogationis6409384.jpg,-,1
p_interrogationis6409712.jpg,-,1
p_interrogationis6414465.jpg,-,1
p_interrogationis6438113.jpg,-,1
p_interrogationis6446067.jpg,-,1
p_interrogationis6448335.jpg,-,1
p_interrogationis6456057.jpg,-,1
p_interrogationis6461630.jpg,-,1
p_interrogationis6472888.jpg,-,1
p_interrogationis6474422.jpg,-,1
p_interrogationis6481326.jpg,-,1
p_interrogationis6487669.jpg,-,1
p_interrogationis6494053.jpg,-,1
p_interrogationis6514045.jpg,L,0
p_interrogationis6518146.jpg,-,1
p_interrogationis6551948.jpg,-,1
p_interrogationis656073.jpg,-,1
p_interrogationis6564517.jpg,-,1
p_interrogationis6579995.jpg,-,1
p_interrogationis662817.jpg,-,1
p_interrogationis6675250.jpg,-,1
p_interrogationis6676637.jpg,-,1
p_interrogationis6686115.jpg,-,1
p_interrogationis6703245.jpg,-,1
p_interrogationis6714384.jpg,-,1
p_interrogationis6731772.jpg,-,1
p_interrogationis67359.jpg,-,1
p_interrogationis6737919.jpg,-,1
p_interrogationis6743993.jpg,-,1
p_interrogationis6759489.jpg,-,1
p_interrogationis6761501.jpg,-,1
p_interrogationis6762116.jpg,-,1
p_interrogationis677775.jpg,-,1
p_interrogationis6782977.jpg,-,1
p_interrogationis6784029.jpg,-,1
p_interrogationis6836684.jpg,-,1
p_interrogationis6840801.jpg,-,1
p_interrogationis6846877.jpg,-,1
p_interrogationis6855090.jpg,-,1
p_interrogationis6865044.jpg,-,1
p_interrogationis6865082.jpg,-,1
p_interrogationis6865522.jpg,-,1
p_interrogationis6865523.jpg,-,1
p_interrogationis6876643.jpg,-,1
p_interrogationis6907846.jpg,-,1
p_interrogationis6911806.jpg,-,1
p_interrogationis6919500.jpg,L,0
p_interrogationis6929284.jpg,-,1
p_interrogationis6939198.jpg,-,1
p_interrogationis6956321.jpg,-,1
p_interrogationis6957929.jpg,-,1
p_interrogationis6961813.jpg,-,1
p_interrogationis6962216.jpg,-,1
p_interrogationis6970332.jpg,-,1
p_interrogationis6990790.jpg,-,1
p_interrogationis6991647.jpg,-,1
p_interrogationis6998011.jpg,-,1
p_interrogationis7000561.jpg,-,1
p_interrogationis7002008.jpg,-,1
p_interrogationis7006281.jpg,-,1
p_interrogationis7006566.jpg,-,1
p_interrogationis7013844.jpg,L,0
p_interrogationis7023391.jpg,-,1
p_interrogationis7032972.jpg,-,1
p_interrogationis7041854.jpg,-,1
p_interrogationis7049461.jpg,-,1
p_interrogationis707024.jpg,-,1
p_interrogationis7074517.jpg,-,1
p_interrogationis7078068.jpg,L,0
p_interrogationis7080684.jpg,-,1
p_interrogationis7093233.jpg,-,1
p_interrogationis7097650.jpg,-,1
p_interrogationis7103523.jpg,-,1
p_interrogationis7103951.jpg,-,1
p_interrogationis7108812.jpg,-,1
p_interrogationis7133450.jpg,-,1
p_interrogationis7134464.jpg,-,1
p_interrogationis7140591.jpg,-,1
p_interrogationis7167049.jpg,-,1
p_interrogationis717008.jpg,-,1
p_interrogationis7189904.jpg,-,1
p_interrogationis7195348.jpg,-,1
p_interrogationis7195500.jpg,-,1
p_interrogationis7196400.jpg,-,1
p_interrogationis7198086.jpg,-,1
p_interrogationis7198486.jpg,-,1
p_interrogationis7201311.jpg,-,1
p_interrogationis7211203.jpg,-,1
p_interrogationis7211630.jpg,-,1
p_interrogationis7217106.jpg,-,1
p_interrogationis7226350.jpg,-,1
p_interrogationis7228878.jpg,-,1
p_interrogationis7239110.jpg,-,1
p_interrogationis7243894.jpg,-,1
p_interrogationis7253290.jpg,-,1
p_interrogationis7254440.jpg,-,1
p_interrogationis7256246.jpg,-,1
p_interrogationis7256339.jpg,-,1
p_interrogationis7256576.jpg,-,1
p_interrogationis7256703.jpg,-,1
p_interrogationis7264842.jpg,-,1
p_interrogationis7265122.jpg,-,1
p_interrogationis7271119.jpg,-,1
p_interrogationis7278081.jpg,L,0
p_interrogationis7288658.jpg,-,1
p_interrogationis7288726.jpg,-,1
p_interrogationis7299972.jpg,-,1
p_interrogationis7301153.jpg,-,1
p_interrogationis7301833.jpg,-,1
p_interrogationis7308019.jpg,-,1
p_interrogationis7308487.jpg,-,1
p_interrogationis7313930.jpg,-,1
p_interrogationis7313965.jpg,-,1
p_interrogationis7327106.jpg,-,1
p_interrogationis7327709.jpg,-,1
p_interrogationis7328537.jpg,-,1
p_interrogationis7335123.jpg,-,1
p_interrogationis7339907.jpg,L,0
p_interrogationis7342012.jpg,-,1
p_interrogationis7346374.jpg,-,1
p_interrogationis7354179.jpg,-,1
p_interrogationis7355417.jpg,-,1
p_interrogationis7374814.jpg,-,1
p_interrogationis7376116.jpg,-,1
p_interrogationis7383725.jpg,-,1
p_interrogationis7386355.jpg,-,U
p_interrogationis7397328.jpg,L,0
p_interrogationis7402685.jpg,-,1
p_interrogationis7406493.jpg,-,1
p_interrogationis7411758.jpg,-,1
p_interrogationis742241.jpg,-,1
p_interrogationis7426713.jpg,-,1
p_interrogationis7427266.jpg,-,1
p_interrogationis7440612.jpg,-,1
p_interrogationis7442631.jpg,-,1
p_interrogationis7442644.jpg,-,1
p_interrogationis7442649.jpg,-,1
p_interrogationis7459959.jpg,-,1
p_interrogationis7466111.jpg,-,1
p_interrogationis7478524.jpg,-,1
p_interrogationis7487636.jpg,L,0
p_interrogationis7488357.jpg,-,1
p_interrogationis7493372.jpg,-,1
p_interrogationis7494535.jpg,-,1
p_interrogationis7496591.jpg,-,1
p_interrogationis7501136.jpg,-,1
p_interrogationis7501137.jpg,-,1
p_interrogationis7501553.jpg,-,1
p_interrogationis75077.jpg,-,1
p_interrogationis7510336.jpg,L,0
p_interrogationis7523313.jpg,-,1
p_interrogationis752656.jpg,-,1
p_interrogationis7541486.jpg,-,1
p_interrogationis7545333.jpg,-,1
p_interrogationis7561797.jpg,-,1
p_interrogationis7570158.jpg,L,0
p_interrogationis7579399.jpg,L,0
p_interrogationis7612631.jpg,-,1
p_interrogationis7621404.jpg,-,1
p_interrogationis7621580.jpg,-,1
p_interrogationis7645103.jpg,-,1
p_interrogationis7649571.jpg,-,1
p_interrogationis7651563.jpg,-,1
p_interrogationis7652943.jpg,L,0
p_interrogationis7673374.jpg,-,1
p_interrogationis7677431.jpg,-,1
p_interrogationis7682797.jpg,-,1
p_interrogationis7691250.jpg,-,1
p_interrogationis7707145.jpg,L,0
p_interrogationis771888.jpg,-,1
p_interrogationis7720263.jpg,-,1
p_interrogationis7721188.jpg,-,1
p_interrogationis7733660.jpg,-,1
p_interrogationis77497.jpg,-,1
p_interrogationis7762517.jpg,-,1
p_interrogationis7775940.jpg,-,1
p_interrogationis7785554.jpg,-,1
p_interrogationis7801405.jpg,L,0
p_interrogationis78112.jpg,-,1
p_interrogationis78113.jpg,-,1
p_interrogationis7813571.jpg,-,1
p_interrogationis7840559.jpg,-,1
p_interrogationis7840780.jpg,-,1
p_interrogationis7864163.jpg,-,1
p_interrogationis7871199.jpg,-,1
p_interrogationis7888738.jpg,-,1
p_interrogationis7895567.jpg,-,1
p_interrogationis7939246.jpg,-,1
p_interrogationis7956506.jpg,-,1
p_interrogationis7964532.jpg,-,1
p_interrogationis7967700.jpg,-,1
p_interrogationis7987019.jpg,-,1
p_interrogationis7994777.jpg,-,1
p_interrogationis8018111.jpg,-,1
p_interrogationis8031109.jpg,-,1
p_interrogationis8031319.jpg,-,1
p_interrogationis8041025.jpg,-,1
p_interrogationis8066285.jpg,-,1
p_interrogationis8074564.jpg,-,1
p_interrogationis808818.jpg,-,1
p_interrogationis8220192.jpg,-,1
p_interrogationis82262.jpg,-,1
p_interrogationis824300.jpg,-,1
p_interrogationis82984.jpg,-,1
p_interrogationis8305410.jpg,-,1
p_interrogationis8320704.jpg,-,1
p_interrogationis8321001.jpg,-,1
p_interrogationis832811.jpg,-,1
p_interrogationis834451.jpg,-,1
p_interrogationis8360541.jpg,-,1
p_interrogationis8447919.jpg,-,1
p_interrogationis8448391.jpg,-,1
p_interrogationis8453809.jpg,-,1
p_interrogationis8525888.jpg,-,1
p_interrogationis8527331.jpg,-,1
p_interrogationis8528774.jpg,-,1
p_interrogationis8542866.jpg,-,1
p_interrogationis8553522.jpg,-,1
p_interrogationis85599.jpg,-,1
p_interrogationis85651.jpg,-,1
p_interrogationis8571076.jpg,-,1
p_interrogationis85901.jpg,-,1
p_interrogationis882256.jpg,-,1
p_interrogationis8835954.jpg,-,1
p_interrogationis885202.jpg,-,1
p_interrogationis8888616.jpg,-,1
p_interrogationis89821.jpg,-,1
p_interrogationis90080.jpg,-,1
p_interrogationis90883.jpg,L,0
p_interrogationis9186417.jpg,-,1
p_interrogationis9187758.jpg,-,1
p_interrogationis9218226.jpg,-,1
p_interrogationis9252518.jpg,-,1
p_interrogationis9285853.jpg,-,1
p_interrogationis9449397.jpg,-,1
p_interrogationis9449399.jpg,-,1
p_interrogationis9504131.jpg,-,1
p_interrogationis9510097.jpg,-,1
p_interrogationis95232.jpg,-,1
p_interrogationis9549848.jpg,-,1
p_interrogationis9627689.jpg,-,1
p_interrogationis96613.jpg,-,1
p_interrogationis9780583.jpg,-,1
p_interrogationis9802874.jpg,-,1
p_interrogationis98721.jpg,-,1
p_interrogationis99008.jpg,-,1
p_interrogationis9941374.jpg,-,1
