file,life_stage,adults
,,
s_cybele10033225.jpg,-,1
,,
s_cybele10044808.jpg,-,1
,,
s_cybele100880.jpg,-,1
,,
s_cybele10129224.jpg,-,1
,,
s_cybele10129325.jpg,-,1
,,
s_cybele10140596.jpg,-,1
,,
s_cybele10238265.jpg,-,1
,,
s_cybele102412.jpg,-,1
,,
s_cybele10281139.jpg,-,1
,,
s_cybele10319489.jpg,-,1
,,
s_cybele10331816.jpg,-,1
,,
s_cybele10356287.jpg,-,1
,,
s_cybele1038399.jpg,-,1
,,
s_cybele10580946.jpg,-,1
,,
s_cybele10595878.jpg,-,1
,,
s_cybele10678262.jpg,-,1
,,
s_cybele106958.jpg,-,1
,,
s_cybele106971.jpg,-,1
,,
s_cybele107003.jpg,-,1
,,
s_cybele10735720.jpg,-,1
,,
s_cybele10736183.jpg,-,1
,,
s_cybele10738583.jpg,-,1
,,
s_cybele1075773.jpg,-,1
,,
s_cybele107589.jpg,-,1
,,
s_cybele10773217.jpg,-,1
,,
s_cybele10867908.jpg,-,1
,,
s_cybele10868004.jpg,-,1
,,
s_cybele1095591.jpg,-,1
,,
s_cybele109677.jpg,-,1
,,
s_cybele111103.jpg,-,1
,,
s_cybele11136526.jpg,-,1
,,
s_cybele11250083.jpg,-,1
,,
s_cybele11373624.jpg,-,1
,,
s_cybele11405410.jpg,-,1
,,
s_cybele11410993.jpg,-,1
,,
s_cybele1152317.jpg,-,1
,,
s_cybele116155.jpg,-,1
,,
s_cybele116249.jpg,-,1
,,
s_cybele1166988.jpg,-,1
,,
s_cybele1180430.jpg,-,1
,,
s_cybele1201449.jpg,-,1
,,
s_cybele12262793.jpg,-,1
,,
s_cybele12354462.jpg,-,1
,,
s_cybele12380203.jpg,-,1
,,
s_cybele12384868.jpg,-,1
,,
s_cybele12384892.jpg,-,1
,,
s_cybele12496467.jpg,-,1
,,
s_cybele1250417.jpg,-,1
,,
s_cybele12583497.jpg,-,1
,,
s_cybele12681008.jpg,-,1
,,
s_cybele12707984.jpg,-,1
,,
s_cybele12780888.jpg,-,1
,,
s_cybele12793000.jpg,-,1
,,
s_cybele12812404.jpg,-,1
,,
s_cybele12832540.jpg,-,1
,,
s_cybele12833775.jpg,-,1
,,
s_cybele12835819.jpg,-,1
,,
s_cybele12836195.jpg,-,1
,,
s_cybele12847816.jpg,-,1
,,
s_cybele12861496.jpg,-,1
,,
s_cybele12861897.jpg,-,1
,,
s_cybele12868477.jpg,-,1
,,
s_cybele12902140.jpg,-,1
,,
s_cybele12911236.jpg,-,1
,,
s_cybele12913776.jpg,-,1
,,
s_cybele1291809.jpg,-,1
,,
s_cybele12932071.jpg,-,1
,,
s_cybele12932208.jpg,-,1
,,
s_cybele12934499.jpg,-,1
,,
s_cybele12995709.jpg,-,1
,,
s_cybele13032217.jpg,-,1
,,
s_cybele13036977.jpg,-,1
,,
s_cybele13037186.jpg,-,1
,,
s_cybele13049944.jpg,-,1
,,
s_cybele13056158.jpg,-,1
,,
s_cybele13062901.jpg,-,1
,,
s_cybele13077248.jpg,-,1
,,
s_cybele13086480.jpg,-,1
,,
s_cybele13089408.jpg,-,1
,,
s_cybele13092234.jpg,-,1
,,
s_cybele13102774.jpg,-,1
,,
s_cybele13115639.jpg,-,1
,,
s_cybele13119335.jpg,-,1
,,
s_cybele13119713.jpg,-,1
,,
s_cybele13120287.jpg,-,1
,,
s_cybele13141462.jpg,-,1
,,
s_cybele13151159.jpg,-,1
,,
s_cybele13151722.jpg,-,1
,,
s_cybele13153024.jpg,-,1
,,
s_cybele13154478.jpg,-,1
,,
s_cybele13156634.jpg,-,1
,,
s_cybele13158047.jpg,-,1
,,
s_cybele13160916.jpg,-,1
,,
s_cybele13206510.jpg,-,1
,,
s_cybele13216511.jpg,-,1
,,
s_cybele13237885.jpg,-,1
,,
s_cybele13238098.jpg,-,1
,,
s_cybele13241912.jpg,-,1
,,
s_cybele13242217.jpg,-,1
,,
s_cybele13245436.jpg,-,1
,,
s_cybele13259141.jpg,-,1
,,
s_cybele13261136.jpg,-,1
,,
s_cybele13266181.jpg,-,1
,,
s_cybele13266997.jpg,-,1
,,
s_cybele13269367.jpg,-,1
,,
s_cybele13272051.jpg,-,1
,,
s_cybele13292356.jpg,-,1
,,
s_cybele13294137.jpg,-,1
,,
s_cybele13297973.jpg,-,1
,,
s_cybele13302958.jpg,-,1
,,
s_cybele13303615.jpg,-,1
,,
s_cybele13308415.jpg,-,1
,,
s_cybele13310629.jpg,-,1
,,
s_cybele13310698.jpg,-,1
,,
s_cybele13310947.jpg,-,1
,,
s_cybele13314956.jpg,-,1
,,
s_cybele13323276.jpg,-,1
,,
s_cybele13345038.jpg,-,1
,,
s_cybele13345192.jpg,-,1
,,
s_cybele13360896.jpg,-,1
,,
s_cybele13367894.jpg,-,1
,,
s_cybele13372210.jpg,-,1
,,
s_cybele13374663.jpg,-,1
,,
s_cybele13375389.jpg,-,1
,,
s_cybele13375513.jpg,-,1
,,
s_cybele13378642.jpg,-,1
,,
s_cybele13379606.jpg,-,1
,,
s_cybele13383719.jpg,-,1
,,
s_cybele13384929.jpg,-,1
,,
s_cybele13391852.jpg,-,1
,,
s_cybele13399832.jpg,-,1
,,
s_cybele13400391.jpg,-,1
,,
s_cybele13407323.jpg,-,1
,,
s_cybele13414270.jpg,-,1
,,
s_cybele13425516.jpg,-,1
,,
s_cybele13427501.jpg,-,1
,,
s_cybele13427860.jpg,-,1
,,
s_cybele13435690.jpg,-,1
,,
s_cybele13438142.jpg,-,1
,,
s_cybele13448826.jpg,-,1
,,
s_cybele13452710.jpg,-,1
,,
s_cybele13453135.jpg,-,1
,,
s_cybele13455393.jpg,-,1
,,
s_cybele13464820.jpg,-,1
,,
s_cybele13468091.jpg,-,1
,,
s_cybele13469090.jpg,-,1
,,
s_cybele13479786.jpg,-,1
,,
s_cybele13482485.jpg,-,1
,,
s_cybele13486631.jpg,-,1
,,
s_cybele13490075.jpg,-,1
,,
s_cybele13491835.jpg,-,1
,,
s_cybele13501408.jpg,-,1
,,
s_cybele13502351.jpg,-,1
,,
s_cybele13504542.jpg,-,1
,,
s_cybele13505564.jpg,-,1
,,
s_cybele13514938.jpg,-,1
,,
s_cybele13519006.jpg,-,1
,,
s_cybele13520589.jpg,-,1
,,
s_cybele13521596.jpg,-,1
,,
s_cybele13521632.jpg,-,1
,,
s_cybele13529508.jpg,-,1
,,
s_cybele13535607.jpg,-,1
,,
s_cybele13536328.jpg,-,1
,,
s_cybele13538299.jpg,-,1
,,
s_cybele13538936.jpg,-,1
,,
s_cybele13558773.jpg,-,1
,,
s_cybele13564777.jpg,-,1
,,
s_cybele13564930.jpg,-,1
,,
s_cybele13567407.jpg,-,1
,,
s_cybele13568976.jpg,-,1
,,
s_cybele13569259.jpg,-,1
,,
s_cybele13570284.jpg,-,1
,,
s_cybele13577038.jpg,-,1
,,
s_cybele13585317.jpg,-,1
,,
s_cybele13586822.jpg,-,1
,,
s_cybele13588582.jpg,-,1
,,
s_cybele13590677.jpg,-,1
,,
s_cybele13596588.jpg,-,1
,,
s_cybele13607570.jpg,-,1
,,
s_cybele13608091.jpg,-,1
,,
s_cybele13613977.jpg,-,1
,,
s_cybele13618892.jpg,-,1
,,
s_cybele13619721.jpg,-,1
,,
s_cybele13622538.jpg,-,1
,,
s_cybele13629407.jpg,-,1
,,
s_cybele13639330.jpg,-,1
,,
s_cybele13644329.jpg,-,1
,,
s_cybele13655238.jpg,-,1
,,
s_cybele13659033.jpg,-,1
,,
s_cybele13660754.jpg,-,1
,,
s_cybele13660755.jpg,-,1
,,
s_cybele13678626.jpg,-,1
,,
s_cybele13679352.jpg,-,1
,,
s_cybele13684793.jpg,-,1
,,
s_cybele13685729.jpg,-,1
,,
s_cybele13685997.jpg,-,1
,,
s_cybele13697551.jpg,-,1
,,
s_cybele13712463.jpg,-,1
,,
s_cybele13712721.jpg,-,1
,,
s_cybele13713431.jpg,-,1
,,
s_cybele13714309.jpg,-,1
,,
s_cybele13723804.jpg,-,1
,,
s_cybele13724842.jpg,-,1
,,
s_cybele13726641.jpg,-,1
,,
s_cybele13731584.jpg,-,1
,,
s_cybele13733393.jpg,-,1
,,
s_cybele13736413.jpg,-,1
,,
s_cybele13739835.jpg,-,1
,,
s_cybele13740967.jpg,-,1
,,
s_cybele13743960.jpg,-,1
,,
s_cybele13745683.jpg,-,1
,,
s_cybele13746438.jpg,-,1
,,
s_cybele13747412.jpg,-,1
,,
s_cybele13747802.jpg,-,1
,,
s_cybele13748933.jpg,-,1
,,
s_cybele13751658.jpg,-,1
,,
s_cybele13753985.jpg,-,1
,,
s_cybele13754893.jpg,-,1
,,
s_cybele13755160.jpg,-,1
,,
s_cybele13755931.jpg,-,1
,,
s_cybele13756029.jpg,-,1
,,
s_cybele13757634.jpg,-,1
,,
s_cybele13759572.jpg,-,1
,,
s_cybele13761508.jpg,-,1
,,
s_cybele13774365.jpg,-,1
,,
s_cybele13776836.jpg,-,1
,,
s_cybele13778368.jpg,-,1
,,
s_cybele13784720.jpg,-,1
,,
s_cybele13788150.jpg,-,1
,,
s_cybele13790625.jpg,-,1
,,
s_cybele13791095.jpg,-,1
,,
s_cybele13793443.jpg,-,1
,,
s_cybele13807306.jpg,-,1
,,
s_cybele13809941.jpg,-,1
,,
s_cybele13811269.jpg,-,1
,,
s_cybele13811842.jpg,-,1
,,
s_cybele13821668.jpg,-,1
,,
s_cybele13831325.jpg,-,1
,,
s_cybele13832942.jpg,-,1
,,
s_cybele13834909.jpg,-,1
,,
s_cybele13839108.jpg,-,1
,,
s_cybele13850108.jpg,-,1
,,
s_cybele13856335.jpg,-,1
,,
s_cybele13857388.jpg,-,1
,,
s_cybele13858963.jpg,-,1
,,
s_cybele13860844.jpg,-,1
,,
s_cybele13861849.jpg,-,1
,,
s_cybele13864623.jpg,-,1
,,
s_cybele13865109.jpg,-,1
,,
s_cybele13865281.jpg,-,1
,,
s_cybele13871647.jpg,-,1
,,
s_cybele13873659.jpg,-,1
,,
s_cybele13874670.jpg,-,1
,,
s_cybele13885873.jpg,-,1
,,
s_cybele13887760.jpg,-,1
,,
s_cybele13888747.jpg,-,1
,,
s_cybele13889845.jpg,-,1
,,
s_cybele13892034.jpg,-,1
,,
s_cybele13896340.jpg,-,1
,,
s_cybele13897553.jpg,-,1
,,
s_cybele13915056.jpg,L,0
,,
s_cybele13919884.jpg,-,1
,,
s_cybele13921698.jpg,-,1
,,
s_cybele13923932.jpg,-,1
,,
s_cybele13929782.jpg,-,1
,,
s_cybele13929806.jpg,-,1
,,
s_cybele13929840.jpg,-,1
,,
s_cybele13933058.jpg,-,1
,,
s_cybele13934337.jpg,-,1
,,
s_cybele13945752.jpg,-,1
,,
s_cybele13950864.jpg,-,1
,,
s_cybele13951645.jpg,-,1
,,
s_cybele13959815.jpg,-,1
,,
s_cybele13966850.jpg,-,1
,,
s_cybele13976081.jpg,-,1
,,
s_cybele13990011.jpg,-,1
,,
s_cybele13993314.jpg,-,1
,,
s_cybele13995799.jpg,-,1
,,
s_cybele14000094.jpg,-,1
,,
s_cybele14010028.jpg,-,1
,,
s_cybele14010173.jpg,-,1
,,
s_cybele14012460.jpg,-,1
,,
s_cybele14017047.jpg,-,1
,,
s_cybele14019648.jpg,-,1
,,
s_cybele14019710.jpg,-,1
,,
s_cybele14030920.jpg,-,1
,,
s_cybele14032380.jpg,-,1
,,
s_cybele14032392.jpg,-,1
,,
s_cybele14033054.jpg,-,1
,,
s_cybele14033212.jpg,-,1
,,
s_cybele14039357.jpg,-,1
,,
s_cybele14041501.jpg,-,1
,,
s_cybele14047177.jpg,-,1
,,
s_cybele14051168.jpg,-,1
,,
s_cybele14060955.jpg,-,1
,,
s_cybele14081506.jpg,-,1
,,
s_cybele14081944.jpg,-,1
,,
s_cybele14086466.jpg,-,1
,,
s_cybele14098932.jpg,-,1
,,
s_cybele14101553.jpg,-,1
,,
s_cybele14101816.jpg,-,1
,,
s_cybele14107609.jpg,-,1
,,
s_cybele14109721.jpg,-,1
,,
s_cybele14110243.jpg,-,1
,,
s_cybele14112491.jpg,-,1
,,
s_cybele14113355.jpg,-,1
,,
s_cybele14113707.jpg,-,1
,,
s_cybele14113878.jpg,-,1
,,
s_cybele14123563.jpg,-,1
,,
s_cybele14135999.jpg,-,1
,,
s_cybele14147298.jpg,-,1
,,
s_cybele14150018.jpg,-,1
,,
s_cybele14152378.jpg,-,1
,,
s_cybele14152807.jpg,-,1
,,
s_cybele14169047.jpg,-,1
,,
s_cybele14171447.jpg,-,1
,,
s_cybele14177229.jpg,-,1
,,
s_cybele14186028.jpg,-,1
,,
s_cybele14206817.jpg,-,1
,,
s_cybele14206849.jpg,-,1
,,
s_cybele14209003.jpg,-,1
,,
s_cybele14212669.jpg,-,1
,,
s_cybele14214389.jpg,-,1
,,
s_cybele14214965.jpg,-,1
,,
s_cybele14221424.jpg,-,1
,,
s_cybele14221425.jpg,-,1
,,
s_cybele14225749.jpg,-,1
,,
s_cybele14229090.jpg,-,1
,,
s_cybele14234457.jpg,-,1
,,
s_cybele14234626.jpg,-,1
,,
s_cybele14236270.jpg,-,1
,,
s_cybele14237096.jpg,-,1
,,
s_cybele14249474.jpg,-,1
,,
s_cybele14269823.jpg,-,1
,,
s_cybele14277496.jpg,-,1
,,
s_cybele14294923.jpg,-,1
,,
s_cybele14299056.jpg,-,1
,,
s_cybele14304165.jpg,-,1
,,
s_cybele14315074.jpg,-,1
,,
s_cybele14328078.jpg,-,1
,,
s_cybele14334129.jpg,-,1
,,
s_cybele14336441.jpg,-,1
,,
s_cybele14340701.jpg,-,1
,,
s_cybele14342748.jpg,-,1
,,
s_cybele14357552.jpg,-,1
,,
s_cybele14360410.jpg,-,1
,,
s_cybele14368566.jpg,-,1
,,
s_cybele14379069.jpg,-,1
,,
s_cybele14391146.jpg,-,1
,,
s_cybele14391879.jpg,-,1
,,
s_cybele14398534.jpg,-,1
,,
s_cybele14402124.jpg,-,1
,,
s_cybele14404596.jpg,-,1
,,
s_cybele14410494.jpg,-,1
,,
s_cybele14411577.jpg,-,1
,,
s_cybele14411828.jpg,-,1
,,
s_cybele14432529.jpg,-,1
,,
s_cybele14432534.jpg,-,1
,,
s_cybele14432535.jpg,-,1
,,
s_cybele14432537.jpg,-,1
,,
s_cybele14435275.jpg,-,1
,,
s_cybele14443565.jpg,-,1
,,
s_cybele14456398.jpg,-,1
,,
s_cybele14466293.jpg,-,1
,,
s_cybele14466639.jpg,-,1
,,
s_cybele14484432.jpg,-,1
,,
s_cybele14498479.jpg,-,1
,,
s_cybele14520368.jpg,-,1
,,
s_cybele14523225.jpg,-,1
,,
s_cybele14527330.jpg,-,1
,,
s_cybele14538667.jpg,-,1
,,
s_cybele14548455.jpg,-,1
,,
s_cybele14559303.jpg,-,1
,,
s_cybele14571581.jpg,-,1
,,
s_cybele14579739.jpg,-,1
,,
s_cybele14613229.jpg,-,1
,,
s_cybele14614524.jpg,-,1
,,
s_cybele14619050.jpg,-,1
,,
s_cybele14652770.jpg,-,1
,,
s_cybele14671783.jpg,-,1
,,
s_cybele14672839.jpg,-,1
,,
s_cybele14694996.jpg,-,1
,,
s_cybele14704371.jpg,-,1
,,
s_cybele14715452.jpg,-,1
,,
s_cybele14717505.jpg,-,1
,,
s_cybele14771658.jpg,-,1
,,
s_cybele14782838.jpg,-,1
,,
s_cybele14792349.jpg,-,1
,,
s_cybele14793058.jpg,-,1
,,
s_cybele14810769.jpg,-,1
,,
s_cybele14840662.jpg,-,1
,,
s_cybele14840762.jpg,-,1
,,
s_cybele14842513.jpg,-,1
,,
s_cybele14845952.jpg,-,1
,,
s_cybele14846245.jpg,-,1
,,
s_cybele14848508.jpg,-,1
,,
s_cybele14849796.jpg,-,1
,,
s_cybele14851816.jpg,-,1
,,
s_cybele14865701.jpg,-,1
,,
s_cybele14899485.jpg,-,1
,,
s_cybele14940808.jpg,-,1
,,
s_cybele14973522.jpg,-,1
,,
s_cybele15050413.jpg,-,1
,,
s_cybele15065463.jpg,-,1
,,
s_cybele15082758.jpg,-,1
,,
s_cybele15103972.jpg,-,1
,,
s_cybele15133802.jpg,-,1
,,
s_cybele15136512.jpg,-,1
,,
s_cybele15136573.jpg,-,1
,,
s_cybele15137062.jpg,-,1
,,
s_cybele15140363.jpg,-,1
,,
s_cybele15151191.jpg,-,1
,,
s_cybele15152913.jpg,-,1
,,
s_cybele15172057.jpg,-,1
,,
s_cybele15176393.jpg,-,1
,,
s_cybele15178457.jpg,-,1
,,
s_cybele15182872.jpg,-,1
,,
s_cybele15184525.jpg,-,1
,,
s_cybele15190655.jpg,-,1
,,
s_cybele15215979.jpg,-,1
,,
s_cybele15226437.jpg,-,1
,,
s_cybele15238611.jpg,-,1
,,
s_cybele15245683.jpg,-,1
,,
s_cybele15248703.jpg,-,1
,,
s_cybele15254590.jpg,-,1
,,
s_cybele15262456.jpg,-,1
,,
s_cybele15263486.jpg,-,1
,,
s_cybele15269487.jpg,-,1
,,
s_cybele15273755.jpg,-,1
,,
s_cybele1527924.jpg,-,1
,,
s_cybele15304424.jpg,-,1
,,
s_cybele15305954.jpg,-,1
,,
s_cybele15317825.jpg,-,1
,,
s_cybele15350768.jpg,-,1
,,
s_cybele15351453.jpg,-,1
,,
s_cybele15357119.jpg,-,1
,,
s_cybele15377115.jpg,-,1
,,
s_cybele15377358.jpg,-,1
,,
s_cybele15416706.jpg,-,1
,,
s_cybele15434180.jpg,-,1
,,
s_cybele15450549.jpg,-,1
,,
s_cybele15452577.jpg,-,1
,,
s_cybele15459524.jpg,-,1
,,
s_cybele15462063.jpg,-,1
,,
s_cybele1547404.jpg,-,1
,,
s_cybele1548032.jpg,-,1
,,
s_cybele1548494.jpg,-,1
,,
s_cybele15503984.jpg,-,1
,,
s_cybele15569327.jpg,-,1
,,
s_cybele15582777.jpg,-,1
,,
s_cybele15582778.jpg,-,1
,,
s_cybele15591956.jpg,-,1
,,
s_cybele15591959.jpg,-,1
,,
s_cybele15600532.jpg,-,1
,,
s_cybele15616323.jpg,-,1
,,
s_cybele15630769.jpg,-,1
,,
s_cybele15635891.jpg,-,1
,,
s_cybele15639315.jpg,-,1
,,
s_cybele15683303.jpg,-,1
,,
s_cybele15696779.jpg,-,1
,,
s_cybele15698624.jpg,-,1
,,
s_cybele15710640.jpg,-,1
,,
s_cybele1571879.jpg,-,1
,,
s_cybele15723492.jpg,-,1
,,
s_cybele15727613.jpg,-,1
,,
s_cybele15734419.jpg,-,1
,,
s_cybele15734449.jpg,-,1
,,
s_cybele15735560.jpg,-,1
,,
s_cybele15742477.jpg,-,1
,,
s_cybele15756833.jpg,-,1
,,
s_cybele15758700.jpg,-,1
,,
s_cybele15764189.jpg,-,1
,,
s_cybele15771462.jpg,-,1
,,
s_cybele15798390.jpg,-,1
,,
s_cybele15798676.jpg,-,1
,,
s_cybele15799030.jpg,-,1
,,
s_cybele15800295.jpg,-,1
,,
s_cybele15800720.jpg,-,1
,,
s_cybele15820102.jpg,-,1
,,
s_cybele15821469.jpg,-,1
,,
s_cybele15822502.jpg,-,1
,,
s_cybele15825812.jpg,-,1
,,
s_cybele15845014.jpg,-,1
,,
s_cybele15848420.jpg,-,1
,,
s_cybele15850027.jpg,-,1
,,
s_cybele15856506.jpg,-,1
,,
s_cybele15857833.jpg,-,1
,,
s_cybele15866732.jpg,-,1
,,
s_cybele15883887.jpg,-,1
,,
s_cybele15883898.jpg,-,1
,,
s_cybele15911212.jpg,-,1
,,
s_cybele15917463.jpg,-,1
,,
s_cybele15919065.jpg,-,1
,,
s_cybele15926389.jpg,-,1
,,
s_cybele15942404.jpg,-,1
,,
s_cybele15942841.jpg,-,1
,,
s_cybele15945759.jpg,-,1
,,
s_cybele15952984.jpg,-,1
,,
s_cybele15953688.jpg,-,1
,,
s_cybele15959720.jpg,-,1
,,
s_cybele15962736.jpg,-,1
,,
s_cybele15981349.jpg,-,1
,,
s_cybele15982205.jpg,-,1
,,
s_cybele16006026.jpg,-,1
,,
s_cybele16010675.jpg,-,1
,,
s_cybele1601309.jpg,-,1
,,
s_cybele1601830.jpg,-,1
,,
s_cybele16019258.jpg,-,1
,,
s_cybele16046573.jpg,-,1
,,
s_cybele16046621.jpg,-,1
,,
s_cybele16052293.jpg,-,1
,,
s_cybele1605426.jpg,-,1
,,
s_cybele16084225.jpg,-,1
,,
s_cybele16086170.jpg,-,1
,,
s_cybele16089966.jpg,-,1
,,
s_cybele16100895.jpg,-,1
,,
s_cybele16100901.jpg,-,1
,,
s_cybele16121143.jpg,-,1
,,
s_cybele16130822.jpg,-,1
,,
s_cybele16136730.jpg,-,1
,,
s_cybele16142460.jpg,-,1
,,
s_cybele16151558.jpg,-,1
,,
s_cybele16153718.jpg,-,1
,,
s_cybele1615388.jpg,-,1
,,
s_cybele16156880.jpg,-,1
,,
s_cybele16158197.jpg,-,1
,,
s_cybele16160173.jpg,-,1
,,
s_cybele16165698.jpg,-,1
,,
s_cybele16167355.jpg,-,1
,,
s_cybele1616979.jpg,-,1
,,
s_cybele16171467.jpg,-,1
,,
s_cybele16178087.jpg,-,1
,,
s_cybele16185567.jpg,-,1
,,
s_cybele16186539.jpg,-,1
,,
s_cybele16186550.jpg,-,1
,,
s_cybele16190903.jpg,-,1
,,
s_cybele16206411.jpg,-,1
,,
s_cybele16230310.jpg,-,1
,,
s_cybele16246900.jpg,-,1
,,
s_cybele16254325.jpg,-,1
,,
s_cybele16257053.jpg,-,1
,,
s_cybele16264679.jpg,-,1
,,
s_cybele1628998.jpg,-,1
,,
s_cybele16291179.jpg,-,1
,,
s_cybele16291180.jpg,-,1
,,
s_cybele16294270.jpg,-,1
,,
s_cybele16299945.jpg,-,1
,,
s_cybele16319779.jpg,-,1
,,
s_cybele16322016.jpg,-,1
,,
s_cybele16339822.jpg,-,1
,,
s_cybele1636315.jpg,-,1
,,
s_cybele1636752.jpg,-,1
,,
s_cybele16387516.jpg,-,1
,,
s_cybele16390681.jpg,-,1
,,
s_cybele16392280.jpg,-,1
,,
s_cybele1639573.jpg,-,1
,,
s_cybele16407724.jpg,-,1
,,
s_cybele16416078.jpg,-,1
,,
s_cybele16421242.jpg,-,1
,,
s_cybele1642596.jpg,-,1
,,
s_cybele16455453.jpg,-,1
,,
s_cybele16461445.jpg,-,1
,,
s_cybele16474769.jpg,-,1
,,
s_cybele16496576.jpg,-,1
,,
s_cybele16496636.jpg,-,1
,,
s_cybele16497782.jpg,-,1
,,
s_cybele16499625.jpg,-,1
,,
s_cybele16502749.jpg,-,1
,,
s_cybele16504212.jpg,-,1
,,
s_cybele16511927.jpg,-,1
,,
s_cybele16522191.jpg,-,1
,,
s_cybele16525260.jpg,-,1
,,
s_cybele16531466.jpg,-,1
,,
s_cybele16532011.jpg,-,1
,,
s_cybele16542340.jpg,-,1
,,
s_cybele16557220.jpg,-,1
,,
s_cybele16563958.jpg,-,1
,,
s_cybele16570074.jpg,-,1
,,
s_cybele16575121.jpg,-,1
,,
s_cybele16584830.jpg,-,1
,,
s_cybele16595298.jpg,-,1
,,
s_cybele16602747.jpg,-,1
,,
s_cybele16607612.jpg,-,1
,,
s_cybele16613982.jpg,-,1
,,
s_cybele16638291.jpg,-,1
,,
s_cybele16640045.jpg,-,1
,,
s_cybele16643651.jpg,-,1
,,
s_cybele16657802.jpg,-,1
,,
s_cybele16657845.jpg,-,1
,,
s_cybele16658786.jpg,-,1
,,
s_cybele16665128.jpg,-,1
,,
s_cybele16665855.jpg,-,1
,,
s_cybele16687594.jpg,-,1
,,
s_cybele1669488.jpg,-,1
,,
s_cybele16697207.jpg,-,1
,,
s_cybele16697209.jpg,-,1
,,
s_cybele16698435.jpg,-,1
,,
s_cybele16704049.jpg,-,1
,,
s_cybele16707780.jpg,-,1
,,
s_cybele16721501.jpg,-,1
,,
s_cybele16725059.jpg,-,1
,,
s_cybele16748366.jpg,-,1
,,
s_cybele16752932.jpg,-,1
,,
s_cybele16791188.jpg,-,1
,,
s_cybele16794577.jpg,-,1
,,
s_cybele16794605.jpg,-,1
,,
s_cybele16797469.jpg,-,1
,,
s_cybele16797986.jpg,-,1
,,
s_cybele16798816.jpg,-,1
,,
s_cybele16802374.jpg,-,1
,,
s_cybele16803099.jpg,-,1
,,
s_cybele1681570.jpg,-,1
,,
s_cybele16816515.jpg,-,1
,,
s_cybele1681739.jpg,-,1
,,
s_cybele16819478.jpg,-,1
,,
s_cybele1682030.jpg,-,1
,,
s_cybele1682581.jpg,-,1
,,
s_cybele16845748.jpg,-,1
,,
s_cybele16852347.jpg,-,1
,,
s_cybele16877346.jpg,-,1
,,
s_cybele16890450.jpg,-,1
,,
s_cybele1690915.jpg,-,1
,,
s_cybele1691336.jpg,-,1
,,
s_cybele16915978.jpg,-,1
,,
s_cybele16929625.jpg,-,1
,,
s_cybele1692993.jpg,-,1
,,
s_cybele16933982.jpg,-,1
,,
s_cybele16939049.jpg,-,1
,,
s_cybele16944950.jpg,-,1
,,
s_cybele16954786.jpg,-,1
,,
s_cybele1695805.jpg,-,1
,,
s_cybele1696710.jpg,-,1
,,
s_cybele1696712.jpg,-,1
,,
s_cybele16977410.jpg,-,1
,,
s_cybele16990976.jpg,-,1
,,
s_cybele1699765.jpg,-,1
,,
s_cybele16998844.jpg,-,1
,,
s_cybele17006186.jpg,-,1
,,
s_cybele1700817.jpg,-,1
,,
s_cybele1702053.jpg,-,1
,,
s_cybele17034477.jpg,-,1
,,
s_cybele17034967.jpg,-,1
,,
s_cybele17035413.jpg,-,1
,,
s_cybele17036534.jpg,-,1
,,
s_cybele17037773.jpg,-,1
,,
s_cybele1703972.jpg,-,1
,,
s_cybele17041708.jpg,-,1
,,
s_cybele1704198.jpg,-,1
,,
s_cybele1706935.jpg,-,1
,,
s_cybele17078969.jpg,-,1
,,
s_cybele1709972.jpg,-,1
,,
s_cybele1710152.jpg,-,1
,,
s_cybele17114139.jpg,-,1
,,
s_cybele1711507.jpg,-,1
,,
s_cybele17124049.jpg,-,1
,,
s_cybele17135243.jpg,-,1
,,
s_cybele17137480.jpg,-,1
,,
s_cybele1714162.jpg,-,1
,,
s_cybele17153596.jpg,-,1
,,
s_cybele17160933.jpg,-,1
,,
s_cybele17164984.jpg,-,1
,,
s_cybele1716969.jpg,-,1
,,
s_cybele17188937.jpg,-,1
,,
s_cybele1718906.jpg,-,1
,,
s_cybele17201259.jpg,-,1
,,
s_cybele1720731.jpg,-,1
,,
s_cybele17214344.jpg,-,1
,,
s_cybele17226491.jpg,-,1
,,
s_cybele17265822.jpg,-,1
,,
s_cybele17266333.jpg,-,1
,,
s_cybele1727006.jpg,-,1
,,
s_cybele17305504.jpg,-,1
,,
s_cybele1733633.jpg,-,1
,,
s_cybele1734197.jpg,-,1
,,
s_cybele1734354.jpg,-,1
,,
s_cybele1735647.jpg,-,1
,,
s_cybele17385834.jpg,-,1
,,
s_cybele1742199.jpg,-,1
,,
s_cybele17476097.jpg,-,1
,,
s_cybele1749186.jpg,-,1
,,
s_cybele1749710.jpg,-,1
,,
s_cybele1749813.jpg,-,1
,,
s_cybele1750102.jpg,-,1
,,
s_cybele17501991.jpg,-,1
,,
s_cybele1752257.jpg,-,1
,,
s_cybele17548262.jpg,-,1
,,
s_cybele17568681.jpg,-,1
,,
s_cybele17611505.jpg,-,1
,,
s_cybele176233.jpg,-,1
,,
s_cybele1770329.jpg,-,1
,,
s_cybele1771328.jpg,-,1
,,
s_cybele17730611.jpg,-,1
,,
s_cybele17772159.jpg,-,1
,,
s_cybele1779775.jpg,-,1
,,
s_cybele1780806.jpg,-,1
,,
s_cybele17810192.jpg,-,1
,,
s_cybele1781444.jpg,-,1
,,
s_cybele1784755.jpg,-,1
,,
s_cybele17880788.jpg,-,1
,,
s_cybele1788632.jpg,-,1
,,
s_cybele17893427.jpg,-,1
,,
s_cybele17894062.jpg,-,1
,,
s_cybele1792792.jpg,-,1
,,
s_cybele17948283.jpg,-,1
,,
s_cybele17950239.jpg,-,1
,,
s_cybele1795338.jpg,-,1
,,
s_cybele1796051.jpg,-,1
,,
s_cybele17962809.jpg,-,1
,,
s_cybele1801654.jpg,-,1
,,
s_cybele1802274.jpg,-,1
,,
s_cybele1802297.jpg,-,1
,,
s_cybele18036842.jpg,L,0
,,
s_cybele1804242.jpg,-,1
,,
s_cybele1805316.jpg,-,1
,,
s_cybele18083894.jpg,-,1
,,
s_cybele1809051.jpg,-,1
,,
s_cybele18097626.jpg,-,1
,,
s_cybele1811614.jpg,-,1
,,
s_cybele1826023.jpg,-,1
,,
s_cybele18293505.jpg,-,1
,,
s_cybele18352342.jpg,-,1
,,
s_cybele18402998.jpg,-,1
,,
s_cybele18407782.jpg,-,1
,,
s_cybele1841629.jpg,-,1
,,
s_cybele1842837.jpg,-,1
,,
s_cybele1843655.jpg,-,1
,,
s_cybele184397.jpg,-,1
,,
s_cybele1847677.jpg,-,1
,,
s_cybele1847785.jpg,-,1
,,
s_cybele184787.jpg,-,1
,,
s_cybele18494853.jpg,-,1
,,
s_cybele18540198.jpg,-,1
,,
s_cybele1854408.jpg,-,1
,,
s_cybele1854667.jpg,-,1
,,
s_cybele18560038.jpg,-,1
,,
s_cybele1859206.jpg,-,1
,,
s_cybele18594384.jpg,-,1
,,
s_cybele18639480.jpg,-,1
,,
s_cybele18663766.jpg,-,1
,,
s_cybele1869814.jpg,-,1
,,
s_cybele18708285.jpg,-,1
,,
s_cybele18708286.jpg,-,1
,,
s_cybele18746870.jpg,-,1
,,
s_cybele18799404.jpg,-,1
,,
s_cybele18818637.jpg,-,1
,,
s_cybele18846178.jpg,-,1
,,
s_cybele18854907.jpg,-,1
,,
s_cybele1887569.jpg,-,1
,,
s_cybele1888474.jpg,-,1
,,
s_cybele18885520.jpg,-,1
,,
s_cybele18887248.jpg,-,1
,,
s_cybele18887453.jpg,-,1
,,
s_cybele18904673.jpg,-,1
,,
s_cybele1892214.jpg,-,1
,,
s_cybele1892566.jpg,-,1
,,
s_cybele18957495.jpg,-,1
,,
s_cybele1897028.jpg,-,1
,,
s_cybele1908436.jpg,-,1
,,
s_cybele1910831.jpg,-,1
,,
s_cybele19187653.jpg,-,1
,,
s_cybele19195174.jpg,-,1
,,
s_cybele1920213.jpg,-,1
,,
s_cybele19202366.jpg,-,1
,,
s_cybele1922992.jpg,-,1
,,
s_cybele1923000.jpg,-,1
,,
s_cybele1927979.jpg,-,1
,,
s_cybele19286218.jpg,-,1
,,
s_cybele1930824.jpg,-,1
,,
s_cybele19310165.jpg,-,1
,,
s_cybele19327652.jpg,-,1
,,
s_cybele19327827.jpg,-,1
,,
s_cybele19379.jpg,L,0
,,
s_cybele19454741.jpg,-,1
,,
s_cybele19454750.jpg,-,1
,,
s_cybele19464632.jpg,-,1
,,
s_cybele19470436.jpg,-,1
,,
s_cybele19487805.jpg,-,1
,,
s_cybele19511989.jpg,-,1
,,
s_cybele19516985.jpg,-,1
,,
s_cybele1951847.jpg,-,1
,,
s_cybele19522005.jpg,-,1
,,
s_cybele19522006.jpg,-,1
,,
s_cybele19522007.jpg,-,1
,,
s_cybele19541960.jpg,-,1
,,
s_cybele19554352.jpg,-,1
,,
s_cybele1956856.jpg,-,1
,,
s_cybele19575571.jpg,-,1
,,
s_cybele19702185.jpg,-,1
,,
s_cybele1970469.jpg,-,1
,,
s_cybele19729525.jpg,-,1
,,
s_cybele1976843.jpg,-,1
,,
s_cybele19773067.jpg,-,1
,,
s_cybele19773472.jpg,-,1
,,
s_cybele19794803.jpg,-,1
,,
s_cybele19798703.jpg,-,1
,,
s_cybele19798704.jpg,-,1
,,
s_cybele2002485.jpg,-,1
,,
s_cybele20036156.jpg,-,1
,,
s_cybele2009542.jpg,-,1
,,
s_cybele2011646.jpg,-,1
,,
s_cybele20237072.jpg,-,1
,,
s_cybele20260189.jpg,-,1
,,
s_cybele20351591.jpg,-,1
,,
s_cybele20351720.jpg,-,1
,,
s_cybele20440473.jpg,-,1
,,
s_cybele20735029.jpg,-,1
,,
s_cybele20785487.jpg,-,1
,,
s_cybele20797590.jpg,-,1
,,
s_cybele20838029.jpg,-,1
,,
s_cybele20860655.jpg,-,1
,,
s_cybele20935796.jpg,-,1
,,
s_cybele20953949.jpg,-,1
,,
s_cybele20999129.jpg,-,1
,,
s_cybele21092143.jpg,-,1
,,
s_cybele21205090.jpg,-,1
,,
s_cybele21221409.jpg,-,1
,,
s_cybele21296045.jpg,-,1
,,
s_cybele21304200.jpg,-,1
,,
s_cybele21403060.jpg,-,1
,,
s_cybele21427299.jpg,-,1
,,
s_cybele21427305.jpg,-,1
,,
s_cybele21427307.jpg,-,1
,,
s_cybele21470723.jpg,-,1
,,
s_cybele21472394.jpg,-,1
,,
s_cybele21511461.jpg,-,1
,,
s_cybele21787400.jpg,-,1
,,
s_cybele21943278.jpg,-,1
,,
s_cybele21961124.jpg,-,1
,,
s_cybele219880.jpg,-,1
,,
s_cybele22105286.jpg,-,1
,,
s_cybele22572.jpg,-,1
,,
s_cybele22692127.jpg,-,1
,,
s_cybele22692128.jpg,-,1
,,
s_cybele22692131.jpg,-,1
,,
s_cybele227861.jpg,-,1
,,
s_cybele2283668.jpg,-,1
,,
s_cybele229347.jpg,-,1
,,
s_cybele22936134.jpg,-,1
,,
s_cybele2319786.jpg,-,1
,,
s_cybele23357601.jpg,-,1
,,
s_cybele23357608.jpg,-,1
,,
s_cybele23357610.jpg,-,1
,,
s_cybele23485160.jpg,-,1
,,
s_cybele24295.jpg,-,1
,,
s_cybele24618194.jpg,-,1
,,
s_cybele24762846.jpg,-,1
,,
s_cybele25066443.jpg,-,1
,,
s_cybele25138279.jpg,-,1
,,
s_cybele2518102.jpg,-,1
,,
s_cybele2518112.jpg,-,1
,,
s_cybele2518114.jpg,-,1
,,
s_cybele25238881.jpg,-,1
,,
s_cybele25275333.jpg,-,1
,,
s_cybele25326017.jpg,-,1
,,
s_cybele25338881.jpg,-,1
,,
s_cybele25372143.jpg,-,1
,,
s_cybele25372144.jpg,-,1
,,
s_cybele25380868.jpg,-,1
,,
s_cybele25442694.jpg,-,1
,,
s_cybele25457158.jpg,-,1
,,
s_cybele25498250.jpg,-,1
,,
s_cybele25522927.jpg,-,1
,,
s_cybele25573794.jpg,-,1
,,
s_cybele25633614.jpg,-,1
,,
s_cybele25635416.jpg,-,1
,,
s_cybele25670409.jpg,-,1
,,
s_cybele25673535.jpg,-,1
,,
s_cybele25742693.jpg,-,1
,,
s_cybele25767332.jpg,-,1
,,
s_cybele25814514.jpg,-,1
,,
s_cybele25850941.jpg,-,1
,,
s_cybele25857176.jpg,-,1
,,
s_cybele25858836.jpg,-,1
,,
s_cybele2586711.jpg,-,1
,,
s_cybele25867671.jpg,-,1
,,
s_cybele25875015.jpg,-,1
,,
s_cybele25907615.jpg,-,1
,,
s_cybele25915069.jpg,-,1
,,
s_cybele25969472.jpg,-,1
,,
s_cybele25973335.jpg,-,1
,,
s_cybele25976432.jpg,-,1
,,
s_cybele25981441.jpg,-,1
,,
s_cybele25981442.jpg,-,1
,,
s_cybele25997362.jpg,-,1
,,
s_cybele26014386.jpg,-,1
,,
s_cybele26030993.jpg,-,1
,,
s_cybele26034359.jpg,-,1
,,
s_cybele26038242.jpg,-,1
,,
s_cybele26053607.jpg,-,1
,,
s_cybele26128952.jpg,-,1
,,
s_cybele26131835.jpg,-,1
,,
s_cybele26139709.jpg,-,1
,,
s_cybele26176390.jpg,-,1
,,
s_cybele26178180.jpg,-,1
,,
s_cybele26180131.jpg,-,1
,,
s_cybele26198357.jpg,-,1
,,
s_cybele26206171.jpg,-,1
,,
s_cybele26212238.jpg,-,1
,,
s_cybele26221690.jpg,-,1
,,
s_cybele26263150.jpg,-,1
,,
s_cybele26277480.jpg,-,1
,,
s_cybele26294612.jpg,-,1
,,
s_cybele26298579.jpg,-,1
,,
s_cybele26344991.jpg,-,1
,,
s_cybele26351168.jpg,-,1
,,
s_cybele26352589.jpg,-,1
,,
s_cybele26360818.jpg,-,1
,,
s_cybele26360985.jpg,-,1
,,
s_cybele26364798.jpg,-,1
,,
s_cybele26370491.jpg,-,1
,,
s_cybele26389880.jpg,-,1
,,
s_cybele26398080.jpg,-,1
,,
s_cybele2649843.jpg,-,1
,,
s_cybele2649895.jpg,-,1
,,
s_cybele2700144.jpg,-,1
,,
s_cybele2778897.jpg,-,1
,,
s_cybele2909687.jpg,-,1
,,
s_cybele293611.jpg,-,1
,,
s_cybele298103.jpg,-,1
,,
s_cybele299628.jpg,-,1
,,
s_cybele301712.jpg,-,1
,,
s_cybele309841.jpg,-,1
,,
s_cybele313039.jpg,-,1
,,
s_cybele314947.jpg,-,1
,,
s_cybele3155299.jpg,-,1
,,
s_cybele315839.jpg,-,1
,,
s_cybele329061.jpg,-,1
,,
s_cybele329353.jpg,-,1
,,
s_cybele329692.jpg,-,1
,,
s_cybele3334188.jpg,-,1
,,
s_cybele333890.jpg,-,1
,,
s_cybele335194.jpg,-,1
,,
s_cybele337816.jpg,-,1
,,
s_cybele3380690.jpg,-,1
,,
s_cybele3380695.jpg,-,1
,,
s_cybele3383658.jpg,-,1
,,
s_cybele3386367.jpg,-,1
,,
s_cybele3395121.jpg,-,1
,,
s_cybele3398460.jpg,-,1
,,
s_cybele341022.jpg,-,1
,,
s_cybele3410465.jpg,-,1
,,
s_cybele3416659.jpg,-,1
,,
s_cybele3432402.jpg,-,1
,,
s_cybele3432573.jpg,-,1
,,
s_cybele3439227.jpg,-,1
,,
s_cybele3446645.jpg,-,1
,,
s_cybele3448420.jpg,-,1
,,
s_cybele3448439.jpg,-,1
,,
s_cybele3450655.jpg,-,1
,,
s_cybele3455298.jpg,-,1
,,
s_cybele3457072.jpg,-,1
,,
s_cybele3462554.jpg,-,1
,,
s_cybele3464833.jpg,-,1
,,
s_cybele3466262.jpg,-,1
,,
s_cybele3473780.jpg,-,1
,,
s_cybele347433.jpg,-,1
,,
s_cybele3475421.jpg,-,1
,,
s_cybele3477476.jpg,-,1
,,
s_cybele3477682.jpg,-,1
,,
s_cybele3478561.jpg,-,1
,,
s_cybele3480231.jpg,-,1
,,
s_cybele3480253.jpg,-,1
,,
s_cybele3484957.jpg,-,1
,,
s_cybele3486320.jpg,-,1
,,
s_cybele3492454.jpg,-,1
,,
s_cybele3496533.jpg,-,1
,,
s_cybele3499558.jpg,-,1
,,
s_cybele3507324.jpg,-,1
,,
s_cybele351495.jpg,-,1
,,
s_cybele3516144.jpg,-,1
,,
s_cybele3520231.jpg,-,1
,,
s_cybele3520271.jpg,-,1
,,
s_cybele3520709.jpg,-,1
,,
s_cybele3521834.jpg,-,1
,,
s_cybele3521845.jpg,-,1
,,
s_cybele3523034.jpg,-,1
,,
s_cybele3523054.jpg,-,1
,,
s_cybele3526223.jpg,-,1
,,
s_cybele3528526.jpg,-,1
,,
s_cybele3533670.jpg,-,1
,,
s_cybele3539962.jpg,-,1
,,
s_cybele355810.jpg,-,1
,,
s_cybele355969.jpg,-,1
,,
s_cybele3576688.jpg,-,1
,,
s_cybele3582939.jpg,-,1
,,
s_cybele3594211.jpg,-,1
,,
s_cybele3598003.jpg,-,1
,,
s_cybele3615924.jpg,-,1
,,
s_cybele361882.jpg,-,1
,,
s_cybele362872.jpg,-,1
,,
s_cybele3631402.jpg,-,1
,,
s_cybele3635217.jpg,-,1
,,
s_cybele3637046.jpg,-,1
,,
s_cybele3642205.jpg,-,1
,,
s_cybele3643048.jpg,-,1
,,
s_cybele3643158.jpg,-,1
,,
s_cybele3645734.jpg,-,1
,,
s_cybele3648118.jpg,-,1
,,
s_cybele364881.jpg,-,1
,,
s_cybele3649014.jpg,-,1
,,
s_cybele3650866.jpg,-,1
,,
s_cybele3650867.jpg,-,1
,,
s_cybele3650869.jpg,-,1
,,
s_cybele3650870.jpg,-,1
,,
s_cybele3651001.jpg,-,1
,,
s_cybele3653258.jpg,-,1
,,
s_cybele3653364.jpg,-,1
,,
s_cybele3654811.jpg,-,1
,,
s_cybele3656046.jpg,-,1
,,
s_cybele3665060.jpg,L,0
,,
s_cybele3671861.jpg,-,1
,,
s_cybele367284.jpg,-,1
,,
s_cybele3679323.jpg,-,1
,,
s_cybele3687515.jpg,-,1
,,
s_cybele3687790.jpg,-,1
,,
s_cybele3696831.jpg,-,1
,,
s_cybele3705448.jpg,-,1
,,
s_cybele3719554.jpg,-,1
,,
s_cybele3746420.jpg,-,1
,,
s_cybele3754382.jpg,-,1
,,
s_cybele3771572.jpg,-,1
,,
s_cybele377726.jpg,-,1
,,
s_cybele377727.jpg,-,1
,,
s_cybele3780514.jpg,-,1
,,
s_cybele3785720.jpg,L,0
,,
s_cybele3786729.jpg,-,1
,,
s_cybele3790677.jpg,-,1
,,
s_cybele3805123.jpg,-,1
,,
s_cybele3815854.jpg,-,1
,,
s_cybele3816620.jpg,-,1
,,
s_cybele381979.jpg,-,1
,,
s_cybele3821678.jpg,-,1
,,
s_cybele3829568.jpg,-,1
,,
s_cybele3833114.jpg,-,1
,,
s_cybele3835946.jpg,-,1
,,
s_cybele3847848.jpg,-,1
,,
s_cybele3848201.jpg,-,1
,,
s_cybele3851493.jpg,-,1
,,
s_cybele3855572.jpg,-,1
,,
s_cybele3861816.jpg,-,1
,,
s_cybele3865210.jpg,-,1
,,
s_cybele386749.jpg,-,1
,,
s_cybele3877760.jpg,-,1
,,
s_cybele3885618.jpg,-,1
,,
s_cybele3887058.jpg,-,1
,,
s_cybele3891273.jpg,-,1
,,
s_cybele3898835.jpg,-,1
,,
s_cybele3898836.jpg,-,1
,,
s_cybele3898864.jpg,-,1
,,
s_cybele3901992.jpg,-,1
,,
s_cybele3918875.jpg,-,1
,,
s_cybele392536.jpg,-,1
,,
s_cybele3927617.jpg,-,1
,,
s_cybele3927736.jpg,-,1
,,
s_cybele3927945.jpg,-,1
,,
s_cybele3931524.jpg,-,1
,,
s_cybele3931796.jpg,-,1
,,
s_cybele3941123.jpg,-,1
,,
s_cybele3950798.jpg,-,1
,,
s_cybele3952788.jpg,-,1
,,
s_cybele3972286.jpg,-,1
,,
s_cybele3974116.jpg,-,1
,,
s_cybele3975250.jpg,-,1
,,
s_cybele3987785.jpg,-,1
,,
s_cybele3989115.jpg,-,1
,,
s_cybele3999585.jpg,-,1
,,
s_cybele3999587.jpg,-,1
,,
s_cybele4024848.jpg,-,1
,,
s_cybele4026334.jpg,-,1
,,
s_cybele4026785.jpg,-,1
,,
s_cybele4027891.jpg,-,1
,,
s_cybele4032102.jpg,-,1
,,
s_cybele4035388.jpg,-,1
,,
s_cybele4035999.jpg,-,1
,,
s_cybele4036002.jpg,-,1
,,
s_cybele4037043.jpg,-,1
,,
s_cybele4040599.jpg,-,1
,,
s_cybele4042518.jpg,-,1
,,
s_cybele4045251.jpg,-,1
,,
s_cybele4045657.jpg,-,1
,,
s_cybele4046651.jpg,-,1
,,
s_cybele4047722.jpg,-,1
,,
s_cybele4058135.jpg,-,1
,,
s_cybele4061669.jpg,-,1
,,
s_cybele4062493.jpg,-,1
,,
s_cybele4068451.jpg,-,1
,,
s_cybele4073117.jpg,-,1
,,
s_cybele4073503.jpg,-,1
,,
s_cybele4074643.jpg,-,1
,,
s_cybele4074757.jpg,-,1
,,
s_cybele4077827.jpg,-,1
,,
s_cybele4082677.jpg,-,1
,,
s_cybele4090208.jpg,-,1
,,
s_cybele4092737.jpg,-,1
,,
s_cybele4093007.jpg,-,1
,,
s_cybele4094638.jpg,-,1
,,
s_cybele4127445.jpg,-,1
,,
s_cybele4134559.jpg,-,1
,,
s_cybele4141009.jpg,-,1
,,
s_cybele4141086.jpg,-,1
,,
s_cybele4142499.jpg,-,1
,,
s_cybele4144217.jpg,-,1
,,
s_cybele4148857.jpg,-,1
,,
s_cybele4157509.jpg,-,1
,,
s_cybele415885.jpg,-,1
,,
s_cybele4175531.jpg,-,1
,,
s_cybele4180536.jpg,-,1
,,
s_cybele4201195.jpg,-,1
,,
s_cybele4202610.jpg,-,1
,,
s_cybele4256595.jpg,-,1
,,
s_cybele4256598.jpg,-,1
,,
s_cybele4283098.jpg,-,1
,,
s_cybele4298912.jpg,-,1
,,
s_cybele4312754.jpg,-,1
,,
s_cybele4329742.jpg,-,1
,,
s_cybele433120.jpg,-,1
,,
s_cybele4375586.jpg,-,1
,,
s_cybele4395909.jpg,-,1
,,
s_cybele4499908.jpg,-,1
,,
s_cybele4499921.jpg,-,1
,,
s_cybele4516059.jpg,-,1
,,
s_cybele4587583.jpg,-,1
,,
s_cybele4606755.jpg,-,1
,,
s_cybele4646541.jpg,-,1
,,
s_cybele4657594.jpg,-,1
,,
s_cybele465792.jpg,-,1
,,
s_cybele4662215.jpg,-,1
,,
s_cybele467311.jpg,-,1
,,
s_cybele467323.jpg,-,1
,,
s_cybele4731758.jpg,-,1
,,
s_cybele4764048.jpg,-,1
,,
s_cybele4798982.jpg,-,1
,,
s_cybele481455.jpg,-,1
,,
s_cybele4918138.jpg,-,1
,,
s_cybele4927998.jpg,-,1
,,
s_cybele5090656.jpg,-,1
,,
s_cybele5100724.jpg,-,1
,,
s_cybele5114782.jpg,-,1
,,
s_cybele5210317.jpg,-,1
,,
s_cybele5211845.jpg,-,1
,,
s_cybele5308577.jpg,-,1
,,
s_cybele5351987.jpg,-,1
,,
s_cybele536072.jpg,-,1
,,
s_cybele5377174.jpg,-,1
,,
s_cybele5382782.jpg,-,1
,,
s_cybele5421859.jpg,-,1
,,
s_cybele5424942.jpg,-,1
,,
s_cybele5425124.jpg,-,1
,,
s_cybele5425449.jpg,-,1
,,
s_cybele5435378.jpg,-,1
,,
s_cybele5504172.jpg,-,1
,,
s_cybele5515627.jpg,-,1
,,
s_cybele5516670.jpg,-,1
,,
s_cybele556830.jpg,-,1
,,
s_cybele5588419.jpg,-,1
,,
s_cybele5608071.jpg,-,1
,,
s_cybele5616587.jpg,-,1
,,
s_cybele5618354.jpg,-,1
,,
s_cybele5777468.jpg,-,1
,,
s_cybele5777469.jpg,-,1
,,
s_cybele5825563.jpg,-,1
,,
s_cybele58492.jpg,-,1
,,
s_cybele5939960.jpg,-,1
,,
s_cybele5954018.jpg,-,1
,,
s_cybele6026372.jpg,-,1
,,
s_cybele6026382.jpg,-,1
,,
s_cybele6102160.jpg,-,1
,,
s_cybele6167159.jpg,-,1
,,
s_cybele6175121.jpg,-,1
,,
s_cybele6176038.jpg,-,1
,,
s_cybele6211088.jpg,-,1
,,
s_cybele6220961.jpg,-,1
,,
s_cybele62520.jpg,-,1
,,
s_cybele6276996.jpg,-,1
,,
s_cybele6279009.jpg,-,1
,,
s_cybele6335430.jpg,-,1
,,
s_cybele6347928.jpg,-,1
,,
s_cybele6372723.jpg,-,1
,,
s_cybele6406024.jpg,-,1
,,
s_cybele6409031.jpg,-,1
,,
s_cybele6415152.jpg,-,1
,,
s_cybele6423929.jpg,-,1
,,
s_cybele6432020.jpg,-,1
,,
s_cybele6437978.jpg,-,1
,,
s_cybele6461524.jpg,-,1
,,
s_cybele6487695.jpg,-,1
,,
s_cybele6500439.jpg,-,1
,,
s_cybele6501625.jpg,-,1
,,
s_cybele6506144.jpg,-,1
,,
s_cybele6515332.jpg,-,1
,,
s_cybele6524888.jpg,-,1
,,
s_cybele6527606.jpg,-,1
,,
s_cybele6535248.jpg,-,1
,,
s_cybele6543206.jpg,-,1
,,
s_cybele6543207.jpg,-,1
,,
s_cybele6543215.jpg,-,1
,,
s_cybele6551099.jpg,L,0
,,
s_cybele6560515.jpg,-,1
,,
s_cybele6570762.jpg,-,1
,,
s_cybele6578258.jpg,-,1
,,
s_cybele6580912.jpg,-,1
,,
s_cybele6583720.jpg,-,1
,,
s_cybele6584976.jpg,-,1
,,
s_cybele6586961.jpg,-,1
,,
s_cybele6587005.jpg,-,1
,,
s_cybele6589783.jpg,-,1
,,
s_cybele6592925.jpg,-,1
,,
s_cybele6593685.jpg,-,1
,,
s_cybele6596411.jpg,-,1
,,
s_cybele6599229.jpg,-,1
,,
s_cybele6600864.jpg,-,1
,,
s_cybele6608473.jpg,-,1
,,
s_cybele6609166.jpg,-,1
,,
s_cybele6609813.jpg,-,1
,,
s_cybele6609815.jpg,-,1
,,
s_cybele6610703.jpg,-,1
,,
s_cybele6614587.jpg,-,1
,,
s_cybele6651930.jpg,-,1
,,
s_cybele6652503.jpg,-,1
,,
s_cybele6652675.jpg,-,1
,,
s_cybele6653640.jpg,-,1
,,
s_cybele6679189.jpg,-,1
,,
s_cybele6683844.jpg,-,1
,,
s_cybele6686525.jpg,-,1
,,
s_cybele6689558.jpg,-,1
,,
s_cybele6689857.jpg,-,1
,,
s_cybele6694272.jpg,-,1
,,
s_cybele6694376.jpg,-,1
,,
s_cybele6694378.jpg,-,1
,,
s_cybele6698981.jpg,-,1
,,
s_cybele6699147.jpg,-,1
,,
s_cybele6703160.jpg,-,1
,,
s_cybele6713565.jpg,-,1
,,
s_cybele6715538.jpg,-,1
,,
s_cybele6718673.jpg,-,1
,,
s_cybele6724350.jpg,-,1
,,
s_cybele6724352.jpg,-,1
,,
s_cybele6729763.jpg,-,1
,,
s_cybele6730768.jpg,-,1
,,
s_cybele6733103.jpg,-,1
,,
s_cybele6735145.jpg,-,1
,,
s_cybele6736736.jpg,-,1
,,
s_cybele6737923.jpg,-,1
,,
s_cybele6741094.jpg,-,1
,,
s_cybele6744004.jpg,-,1
,,
s_cybele6756889.jpg,-,1
,,
s_cybele6757055.jpg,-,1
,,
s_cybele6759435.jpg,-,1
,,
s_cybele6760343.jpg,-,1
,,
s_cybele6773338.jpg,-,1
,,
s_cybele677713.jpg,-,1
,,
s_cybele6779896.jpg,-,1
,,
s_cybele6780551.jpg,-,1
,,
s_cybele6781458.jpg,-,1
,,
s_cybele6784159.jpg,-,1
,,
s_cybele6790428.jpg,-,1
,,
s_cybele6800218.jpg,-,1
,,
s_cybele6803838.jpg,-,1
,,
s_cybele6816452.jpg,-,1
,,
s_cybele6817404.jpg,-,1
,,
s_cybele6818066.jpg,-,1
,,
s_cybele6820468.jpg,-,1
,,
s_cybele6822023.jpg,-,1
,,
s_cybele6825255.jpg,-,1
,,
s_cybele6831601.jpg,-,1
,,
s_cybele6839434.jpg,-,1
,,
s_cybele6848730.jpg,-,1
,,
s_cybele6854929.jpg,-,1
,,
s_cybele6856179.jpg,-,1
,,
s_cybele6863307.jpg,-,1
,,
s_cybele6865100.jpg,-,1
,,
s_cybele6866347.jpg,-,1
,,
s_cybele6866690.jpg,-,1
,,
s_cybele6867539.jpg,-,1
,,
s_cybele6867544.jpg,-,1
,,
s_cybele6885380.jpg,-,1
,,
s_cybele6886873.jpg,-,1
,,
s_cybele6889604.jpg,-,1
,,
s_cybele6889852.jpg,-,1
,,
s_cybele6892913.jpg,-,1
,,
s_cybele6892925.jpg,-,1
,,
s_cybele6894888.jpg,-,1
,,
s_cybele6904824.jpg,-,1
,,
s_cybele6906666.jpg,-,1
,,
s_cybele6914659.jpg,-,1
,,
s_cybele6920795.jpg,-,1
,,
s_cybele6924150.jpg,-,1
,,
s_cybele6928172.jpg,-,1
,,
s_cybele6932374.jpg,-,1
,,
s_cybele6937232.jpg,-,1
,,
s_cybele6937801.jpg,-,1
,,
s_cybele6938839.jpg,-,1
,,
s_cybele6939360.jpg,-,1
,,
s_cybele6950584.jpg,-,1
,,
s_cybele6954146.jpg,-,1
,,
s_cybele6957503.jpg,-,1
,,
s_cybele6969779.jpg,-,1
,,
s_cybele6971203.jpg,-,1
,,
s_cybele6972717.jpg,-,1
,,
s_cybele6980550.jpg,-,1
,,
s_cybele6983256.jpg,-,1
,,
s_cybele6983280.jpg,-,1
,,
s_cybele6990439.jpg,-,1
,,
s_cybele6990831.jpg,-,1
,,
s_cybele6991682.jpg,-,1
,,
s_cybele6994288.jpg,-,1
,,
s_cybele6994814.jpg,-,1
,,
s_cybele7005131.jpg,-,1
,,
s_cybele7006565.jpg,-,1
,,
s_cybele7011641.jpg,-,1
,,
s_cybele7011867.jpg,-,1
,,
s_cybele7018559.jpg,-,1
,,
s_cybele7019769.jpg,-,1
,,
s_cybele7024083.jpg,-,1
,,
s_cybele7024091.jpg,-,1
,,
s_cybele7024763.jpg,-,1
,,
s_cybele7026625.jpg,-,1
,,
s_cybele7026691.jpg,-,1
,,
s_cybele7030090.jpg,-,1
,,
s_cybele7031640.jpg,-,1
,,
s_cybele7040953.jpg,-,1
,,
s_cybele7047365.jpg,-,1
,,
s_cybele7052714.jpg,-,1
,,
s_cybele7063019.jpg,-,1
,,
s_cybele706697.jpg,-,1
,,
s_cybele7074156.jpg,-,1
,,
s_cybele7074161.jpg,-,1
,,
s_cybele7074523.jpg,-,1
,,
s_cybele7077214.jpg,-,1
,,
s_cybele7083536.jpg,-,1
,,
s_cybele7083541.jpg,-,1
,,
s_cybele709605.jpg,-,1
,,
s_cybele710082.jpg,-,1
,,
s_cybele7102265.jpg,-,1
,,
s_cybele7102453.jpg,-,1
,,
s_cybele7103086.jpg,-,1
,,
s_cybele7105486.jpg,-,1
,,
s_cybele7107730.jpg,-,1
,,
s_cybele7109614.jpg,-,1
,,
s_cybele7111617.jpg,-,1
,,
s_cybele711500.jpg,-,1
,,
s_cybele7115018.jpg,-,1
,,
s_cybele7117561.jpg,-,1
,,
s_cybele7119404.jpg,-,1
,,
s_cybele7123432.jpg,-,1
,,
s_cybele7125383.jpg,-,1
,,
s_cybele7129174.jpg,-,1
,,
s_cybele7135245.jpg,-,1
,,
s_cybele7135597.jpg,-,1
,,
s_cybele7135598.jpg,-,1
,,
s_cybele7141767.jpg,-,1
,,
s_cybele7147044.jpg,-,1
,,
s_cybele7166642.jpg,-,1
,,
s_cybele7167165.jpg,-,1
,,
s_cybele7168509.jpg,-,1
,,
s_cybele7176403.jpg,-,1
,,
s_cybele7189177.jpg,-,1
,,
s_cybele7190567.jpg,-,1
,,
s_cybele7194554.jpg,-,1
,,
s_cybele7195714.jpg,-,1
,,
s_cybele7195798.jpg,-,1
,,
s_cybele719670.jpg,-,1
,,
s_cybele7197609.jpg,-,1
,,
s_cybele7198467.jpg,-,1
,,
s_cybele7198721.jpg,-,1
,,
s_cybele7205968.jpg,-,1
,,
s_cybele7210406.jpg,-,1
,,
s_cybele7227737.jpg,-,1
,,
s_cybele7228404.jpg,-,1
,,
s_cybele7228476.jpg,-,1
,,
s_cybele7229169.jpg,-,1
,,
s_cybele7249040.jpg,-,1
,,
s_cybele7250102.jpg,-,1
,,
s_cybele7254342.jpg,-,1
,,
s_cybele7258055.jpg,-,1
,,
s_cybele728042.jpg,-,1
,,
s_cybele7286174.jpg,-,1
,,
s_cybele7295886.jpg,-,1
,,
s_cybele7298586.jpg,-,1
,,
s_cybele7310920.jpg,-,1
,,
s_cybele7322299.jpg,-,1
,,
s_cybele7334123.jpg,-,1
,,
s_cybele7334458.jpg,-,1
,,
s_cybele7338235.jpg,-,1
,,
s_cybele7340771.jpg,-,1
,,
s_cybele7342540.jpg,-,1
,,
s_cybele7358729.jpg,-,1
,,
s_cybele7380921.jpg,-,1
,,
s_cybele738975.jpg,-,1
,,
s_cybele7391418.jpg,-,1
,,
s_cybele741389.jpg,-,1
,,
s_cybele7418401.jpg,-,1
,,
s_cybele7423123.jpg,-,1
,,
s_cybele7429830.jpg,-,1
,,
s_cybele7445581.jpg,-,1
,,
s_cybele7448097.jpg,-,1
,,
s_cybele7455442.jpg,-,1
,,
s_cybele7469235.jpg,-,1
,,
s_cybele748099.jpg,-,1
,,
s_cybele7482226.jpg,-,1
,,
s_cybele7491967.jpg,-,1
,,
s_cybele749721.jpg,-,1
,,
s_cybele7505467.jpg,-,1
,,
s_cybele7507803.jpg,-,1
,,
s_cybele7516455.jpg,-,1
,,
s_cybele751786.jpg,-,1
,,
s_cybele7518869.jpg,-,1
,,
s_cybele7522563.jpg,-,1
,,
s_cybele752652.jpg,-,1
,,
s_cybele7526717.jpg,-,1
,,
s_cybele753085.jpg,-,1
,,
s_cybele7536211.jpg,-,1
,,
s_cybele753672.jpg,-,1
,,
s_cybele7537742.jpg,-,1
,,
s_cybele7537795.jpg,-,1
,,
s_cybele7539083.jpg,-,1
,,
s_cybele754007.jpg,-,1
,,
s_cybele7544723.jpg,-,1
,,
s_cybele7546547.jpg,-,1
,,
s_cybele7559652.jpg,-,1
,,
s_cybele7559850.jpg,-,1
,,
s_cybele756927.jpg,-,1
,,
s_cybele7571375.jpg,-,1
,,
s_cybele7577374.jpg,-,1
,,
s_cybele7582054.jpg,-,1
,,
s_cybele760076.jpg,-,1
,,
s_cybele7602854.jpg,-,1
,,
s_cybele760312.jpg,-,1
,,
s_cybele7604763.jpg,-,1
,,
s_cybele7611149.jpg,-,1
,,
s_cybele7612656.jpg,-,1
,,
s_cybele7615979.jpg,-,1
,,
s_cybele7622907.jpg,-,1
,,
s_cybele7624671.jpg,-,1
,,
s_cybele7628024.jpg,-,1
,,
s_cybele7629127.jpg,-,1
,,
s_cybele7635880.jpg,-,1
,,
s_cybele764377.jpg,-,1
,,
s_cybele7651547.jpg,-,1
,,
s_cybele765360.jpg,-,1
,,
s_cybele7662524.jpg,-,1
,,
s_cybele7671473.jpg,-,1
,,
s_cybele7677494.jpg,-,1
,,
s_cybele7680116.jpg,-,1
,,
s_cybele7682084.jpg,-,1
,,
s_cybele768815.jpg,-,1
,,
s_cybele7689955.jpg,-,1
,,
s_cybele7704375.jpg,-,1
,,
s_cybele771312.jpg,-,1
,,
s_cybele771889.jpg,-,1
,,
s_cybele7718996.jpg,-,1
,,
s_cybele7718997.jpg,-,1
,,
s_cybele7719008.jpg,-,1
,,
s_cybele7719010.jpg,-,1
,,
s_cybele7719019.jpg,-,1
,,
s_cybele7719023.jpg,-,1
,,
s_cybele7727805.jpg,-,1
,,
s_cybele7727816.jpg,-,1
,,
s_cybele7730789.jpg,-,1
,,
s_cybele773921.jpg,-,1
,,
s_cybele773968.jpg,-,1
,,
s_cybele7743327.jpg,-,1
,,
s_cybele7754804.jpg,-,1
,,
s_cybele7756442.jpg,-,1
,,
s_cybele7764634.jpg,-,1
,,
s_cybele7766641.jpg,-,1
,,
s_cybele778046.jpg,-,1
,,
s_cybele7781282.jpg,-,1
,,
s_cybele778165.jpg,-,1
,,
s_cybele778179.jpg,-,1
,,
s_cybele7811097.jpg,-,1
,,
s_cybele7820746.jpg,-,1
,,
s_cybele7821474.jpg,-,1
,,
s_cybele7822229.jpg,-,1
,,
s_cybele7822241.jpg,-,1
,,
s_cybele782754.jpg,-,1
,,
s_cybele7833617.jpg,-,1
,,
s_cybele7839798.jpg,-,1
,,
s_cybele7843830.jpg,-,1
,,
s_cybele784658.jpg,-,1
,,
s_cybele7848009.jpg,-,1
,,
s_cybele7862209.jpg,-,1
,,
s_cybele7862930.jpg,-,1
,,
s_cybele7863173.jpg,-,1
,,
s_cybele7869670.jpg,-,1
,,
s_cybele7869847.jpg,-,1
,,
s_cybele7891002.jpg,-,1
,,
s_cybele7901785.jpg,-,1
,,
s_cybele7903184.jpg,-,1
,,
s_cybele7918917.jpg,-,1
,,
s_cybele792665.jpg,-,1
,,
s_cybele7938060.jpg,-,1
,,
s_cybele7943810.jpg,-,1
,,
s_cybele7944966.jpg,-,1
,,
s_cybele7945225.jpg,-,1
,,
s_cybele794537.jpg,-,1
,,
s_cybele7945592.jpg,-,1
,,
s_cybele7947378.jpg,-,1
,,
s_cybele7947904.jpg,-,1
,,
s_cybele7961081.jpg,-,1
,,
s_cybele7961209.jpg,-,1
,,
s_cybele7962414.jpg,-,1
,,
s_cybele7965689.jpg,-,1
,,
s_cybele7967294.jpg,-,1
,,
s_cybele7981466.jpg,-,1
,,
s_cybele7981847.jpg,-,1
,,
s_cybele7992046.jpg,-,1
,,
s_cybele8018418.jpg,-,1
,,
s_cybele8028613.jpg,-,1
,,
s_cybele803969.jpg,-,1
,,
s_cybele804804.jpg,-,1
,,
s_cybele805018.jpg,-,1
,,
s_cybele8058172.jpg,-,1
,,
s_cybele8072869.jpg,-,1
,,
s_cybele8088968.jpg,-,1
,,
s_cybele8089112.jpg,-,1
,,
s_cybele8105130.jpg,-,1
,,
s_cybele8106172.jpg,-,1
,,
s_cybele8121353.jpg,-,1
,,
s_cybele814840.jpg,-,1
,,
s_cybele8170418.jpg,-,1
,,
s_cybele8180143.jpg,-,1
,,
s_cybele8204946.jpg,-,1
,,
s_cybele8236913.jpg,-,1
,,
s_cybele8238048.jpg,-,1
,,
s_cybele823876.jpg,-,1
,,
s_cybele825618.jpg,-,1
,,
s_cybele825881.jpg,-,1
,,
s_cybele8263576.jpg,-,1
,,
s_cybele827527.jpg,-,1
,,
s_cybele8275546.jpg,-,1
,,
s_cybele8289076.jpg,-,1
,,
s_cybele8319237.jpg,-,1
,,
s_cybele8325221.jpg,-,1
,,
s_cybele8333868.jpg,-,1
,,
s_cybele833524.jpg,-,1
,,
s_cybele8335360.jpg,-,1
,,
s_cybele834462.jpg,-,1
,,
s_cybele835377.jpg,-,1
,,
s_cybele835680.jpg,-,1
,,
s_cybele835681.jpg,-,1
,,
s_cybele836933.jpg,-,1
,,
s_cybele8403473.jpg,-,1
,,
s_cybele841199.jpg,-,1
,,
s_cybele844737.jpg,-,1
,,
s_cybele84493.jpg,-,1
,,
s_cybele8461775.jpg,-,1
,,
s_cybele8521057.jpg,-,1
,,
s_cybele8531043.jpg,-,1
,,
s_cybele8548271.jpg,-,1
,,
s_cybele8571869.jpg,-,1
,,
s_cybele8603103.jpg,-,1
,,
s_cybele8623102.jpg,-,1
,,
s_cybele8637573.jpg,-,1
,,
s_cybele86502.jpg,-,1
,,
s_cybele8694554.jpg,-,1
,,
s_cybele8699267.jpg,-,1
,,
s_cybele876696.jpg,-,1
,,
s_cybele882303.jpg,-,1
,,
s_cybele8837364.jpg,-,1
,,
s_cybele8849547.jpg,-,1
,,
s_cybele8849550.jpg,-,1
,,
s_cybele8867704.jpg,-,1
,,
s_cybele8975287.jpg,-,1
,,
s_cybele9003543.jpg,-,1
,,
s_cybele903935.jpg,-,1
,,
s_cybele9044228.jpg,-,1
,,
s_cybele9047146.jpg,-,1
,,
s_cybele9065277.jpg,-,1
,,
s_cybele9125705.jpg,-,1
,,
s_cybele9163389.jpg,-,1
,,
s_cybele917298.jpg,-,1
,,
s_cybele9290945.jpg,-,1
,,
s_cybele9291011.jpg,-,1
,,
s_cybele9341985.jpg,-,1
,,
s_cybele9366634.jpg,-,1
,,
s_cybele9371030.jpg,-,1
,,
s_cybele9371037.jpg,-,1
,,
s_cybele9388702.jpg,-,1
,,
s_cybele9416769.jpg,-,1
,,
s_cybele9434987.jpg,-,1
,,
s_cybele9464898.jpg,-,1
,,
s_cybele9479465.jpg,-,1
,,
s_cybele9498873.jpg,-,1
,,
s_cybele9530212.jpg,-,1
,,
s_cybele9550226.jpg,-,1
,,
s_cybele9550233.jpg,-,1
,,
s_cybele9550236.jpg,-,1
,,
s_cybele9557903.jpg,-,1
,,
s_cybele9568163.jpg,-,1
,,
s_cybele9568164.jpg,-,1
,,
s_cybele96094.jpg,-,1
,,
s_cybele9684866.jpg,-,1
,,
s_cybele97188.jpg,-,1
,,
s_cybele9780341.jpg,-,1
,,
s_cybele9830108.jpg,-,1
,,
s_cybele9950019.jpg,-,1
,,
s_cybele99620.jpg,-,1
