"","lat_bin","lon_bin","scientificName","year"
"1",38.5,-83.5,"Colias eurytheme",2012
"2",38.5,-83.5,"Epargyreus clarus",2012
"3",38.5,-83.5,"Eurytides marcellus",2012
"4",38.5,-83.5,"Junonia coenia",2012
"5",38.5,-83.5,"Megisto cymela",2012
"6",38.5,-83.5,"Phyciodes tharos",2012
"7",38.5,-83.5,"Poanes hobomok",2012
"8",38.5,-83.5,"Polygonia interrogationis",2012
"9",38.5,-83.5,"Speyeria cybele",2012
"10",38.5,-83.5,"Vanessa cardui",2012
"11",38.5,-77.5,"Ancyloxypha numitor",2012
"12",38.5,-77.5,"Atalopedes campestris",2012
"13",38.5,-77.5,"Callophrys niphon",2012
"14",38.5,-77.5,"Cercyonis pegala",2012
"15",38.5,-77.5,"Colias eurytheme",2012
"16",38.5,-77.5,"Colias philodice",2012
"17",38.5,-77.5,"Cupido comyntas",2012
"18",38.5,-77.5,"Danaus plexippus",2012
"19",38.5,-77.5,"Epargyreus clarus",2012
"20",38.5,-77.5,"Erynnis baptisiae",2012
"21",38.5,-77.5,"Euptoieta claudia",2012
"22",38.5,-77.5,"Eurytides marcellus",2012
"23",38.5,-77.5,"Junonia coenia",2012
"24",38.5,-77.5,"Lerema accius",2012
"25",38.5,-77.5,"Limenitis archippus",2012
"26",38.5,-77.5,"Megisto cymela",2012
"27",38.5,-77.5,"Nastra lherminier",2012
"28",38.5,-77.5,"Nymphalis antiopa",2012
"29",38.5,-77.5,"Papilio glaucus",2012
"30",38.5,-77.5,"Papilio polyxenes",2012
"31",38.5,-77.5,"Papilio troilus",2012
"32",38.5,-77.5,"Phyciodes tharos",2012
"33",38.5,-77.5,"Pieris rapae",2012
"34",38.5,-77.5,"Poanes zabulon",2012
"35",38.5,-77.5,"Polites themistocles",2012
"36",38.5,-77.5,"Polygonia comma",2012
"37",38.5,-77.5,"Polygonia interrogationis",2012
"38",38.5,-77.5,"Speyeria cybele",2012
"39",38.5,-77.5,"Vanessa atalanta",2012
"40",38.5,-77.5,"Vanessa cardui",2012
"41",38.5,-77.5,"Vanessa virginiensis",2012
"42",39.5,-84.5,"Ancyloxypha numitor",2012
"43",39.5,-84.5,"Asterocampa celtis",2012
"44",39.5,-84.5,"Atalopedes campestris",2012
"45",39.5,-84.5,"Cercyonis pegala",2012
"46",39.5,-84.5,"Colias eurytheme",2012
"47",39.5,-84.5,"Danaus plexippus",2012
"48",39.5,-84.5,"Epargyreus clarus",2012
"49",39.5,-84.5,"Erynnis baptisiae",2012
"50",39.5,-84.5,"Euptoieta claudia",2012
"51",39.5,-84.5,"Eurytides marcellus",2012
"52",39.5,-84.5,"Junonia coenia",2012
"53",39.5,-84.5,"Limenitis archippus",2012
"54",39.5,-84.5,"Megisto cymela",2012
"55",39.5,-84.5,"Nastra lherminier",2012
"56",39.5,-84.5,"Nymphalis antiopa",2012
"57",39.5,-84.5,"Papilio cresphontes",2012
"58",39.5,-84.5,"Papilio glaucus",2012
"59",39.5,-84.5,"Papilio polyxenes",2012
"60",39.5,-84.5,"Papilio troilus",2012
"61",39.5,-84.5,"Phyciodes tharos",2012
"62",39.5,-84.5,"Pieris rapae",2012
"63",39.5,-84.5,"Poanes hobomok",2012
"64",39.5,-84.5,"Poanes zabulon",2012
"65",39.5,-84.5,"Polites peckius",2012
"66",39.5,-84.5,"Polites themistocles",2012
"67",39.5,-84.5,"Polygonia comma",2012
"68",39.5,-84.5,"Polygonia interrogationis",2012
"69",39.5,-84.5,"Pyrgus communis",2012
"70",39.5,-84.5,"Satyrium calanus",2012
"71",39.5,-84.5,"Speyeria cybele",2012
"72",39.5,-84.5,"Vanessa atalanta",2012
"73",39.5,-84.5,"Vanessa cardui",2012
"74",39.5,-84.5,"Vanessa virginiensis",2012
"75",39.5,-82.5,"Ancyloxypha numitor",2012
"76",39.5,-82.5,"Asterocampa celtis",2012
"77",39.5,-82.5,"Cercyonis pegala",2012
"78",39.5,-82.5,"Colias eurytheme",2012
"79",39.5,-82.5,"Colias philodice",2012
"80",39.5,-82.5,"Danaus plexippus",2012
"81",39.5,-82.5,"Epargyreus clarus",2012
"82",39.5,-82.5,"Erynnis baptisiae",2012
"83",39.5,-82.5,"Euptoieta claudia",2012
"84",39.5,-82.5,"Junonia coenia",2012
"85",39.5,-82.5,"Limenitis archippus",2012
"86",39.5,-82.5,"Megisto cymela",2012
"87",39.5,-82.5,"Nastra lherminier",2012
"88",39.5,-82.5,"Nymphalis antiopa",2012
"89",39.5,-82.5,"Papilio cresphontes",2012
"90",39.5,-82.5,"Papilio glaucus",2012
"91",39.5,-82.5,"Papilio polyxenes",2012
"92",39.5,-82.5,"Papilio troilus",2012
"93",39.5,-82.5,"Phyciodes tharos",2012
"94",39.5,-82.5,"Pieris rapae",2012
"95",39.5,-82.5,"Poanes hobomok",2012
"96",39.5,-82.5,"Poanes zabulon",2012
"97",39.5,-82.5,"Polites peckius",2012
"98",39.5,-82.5,"Polites themistocles",2012
"99",39.5,-82.5,"Polygonia comma",2012
"100",39.5,-82.5,"Polygonia interrogationis",2012
"101",39.5,-82.5,"Pyrgus communis",2012
"102",39.5,-82.5,"Satyrium calanus",2012
"103",39.5,-82.5,"Satyrium titus",2012
"104",39.5,-82.5,"Speyeria cybele",2012
"105",39.5,-82.5,"Vanessa atalanta",2012
"106",39.5,-82.5,"Vanessa cardui",2012
"107",39.5,-82.5,"Vanessa virginiensis",2012
"108",39.5,-81.5,"Ancyloxypha numitor",2012
"109",39.5,-81.5,"Cercyonis pegala",2012
"110",39.5,-81.5,"Colias eurytheme",2012
"111",39.5,-81.5,"Danaus plexippus",2012
"112",39.5,-81.5,"Epargyreus clarus",2012
"113",39.5,-81.5,"Junonia coenia",2012
"114",39.5,-81.5,"Limenitis archippus",2012
"115",39.5,-81.5,"Megisto cymela",2012
"116",39.5,-81.5,"Papilio glaucus",2012
"117",39.5,-81.5,"Papilio polyxenes",2012
"118",39.5,-81.5,"Papilio troilus",2012
"119",39.5,-81.5,"Phyciodes tharos",2012
"120",39.5,-81.5,"Pieris rapae",2012
"121",39.5,-81.5,"Poanes hobomok",2012
"122",39.5,-81.5,"Poanes zabulon",2012
"123",39.5,-81.5,"Polygonia interrogationis",2012
"124",39.5,-81.5,"Speyeria cybele",2012
"125",39.5,-81.5,"Vanessa atalanta",2012
"126",39.5,-81.5,"Vanessa cardui",2012
"127",40.5,-84.5,"Cercyonis pegala",2012
"128",40.5,-84.5,"Colias eurytheme",2012
"129",40.5,-84.5,"Colias philodice",2012
"130",40.5,-84.5,"Danaus plexippus",2012
"131",40.5,-84.5,"Epargyreus clarus",2012
"132",40.5,-84.5,"Junonia coenia",2012
"133",40.5,-84.5,"Limenitis archippus",2012
"134",40.5,-84.5,"Megisto cymela",2012
"135",40.5,-84.5,"Nymphalis antiopa",2012
"136",40.5,-84.5,"Papilio cresphontes",2012
"137",40.5,-84.5,"Papilio polyxenes",2012
"138",40.5,-84.5,"Phyciodes tharos",2012
"139",40.5,-84.5,"Pieris rapae",2012
"140",40.5,-84.5,"Polites peckius",2012
"141",40.5,-84.5,"Polites themistocles",2012
"142",40.5,-84.5,"Polygonia interrogationis",2012
"143",40.5,-84.5,"Pyrgus communis",2012
"144",40.5,-84.5,"Vanessa cardui",2012
"145",40.5,-84.5,"Vanessa virginiensis",2012
"146",40.5,-83.5,"Ancyloxypha numitor",2012
"147",40.5,-83.5,"Asterocampa celtis",2012
"148",40.5,-83.5,"Atalopedes campestris",2012
"149",40.5,-83.5,"Cercyonis pegala",2012
"150",40.5,-83.5,"Colias philodice",2012
"151",40.5,-83.5,"Danaus plexippus",2012
"152",40.5,-83.5,"Epargyreus clarus",2012
"153",40.5,-83.5,"Erynnis baptisiae",2012
"154",40.5,-83.5,"Euptoieta claudia",2012
"155",40.5,-83.5,"Junonia coenia",2012
"156",40.5,-83.5,"Limenitis archippus",2012
"157",40.5,-83.5,"Megisto cymela",2012
"158",40.5,-83.5,"Nymphalis antiopa",2012
"159",40.5,-83.5,"Papilio cresphontes",2012
"160",40.5,-83.5,"Papilio glaucus",2012
"161",40.5,-83.5,"Papilio polyxenes",2012
"162",40.5,-83.5,"Papilio troilus",2012
"163",40.5,-83.5,"Phyciodes tharos",2012
"164",40.5,-83.5,"Poanes zabulon",2012
"165",40.5,-83.5,"Polites peckius",2012
"166",40.5,-83.5,"Polites themistocles",2012
"167",40.5,-83.5,"Polygonia comma",2012
"168",40.5,-83.5,"Polygonia interrogationis",2012
"169",40.5,-83.5,"Pyrgus communis",2012
"170",40.5,-83.5,"Speyeria cybele",2012
"171",40.5,-83.5,"Vanessa cardui",2012
"172",40.5,-83.5,"Vanessa virginiensis",2012
"173",40.5,-82.5,"Ancyloxypha numitor",2012
"174",40.5,-82.5,"Asterocampa celtis",2012
"175",40.5,-82.5,"Cercyonis pegala",2012
"176",40.5,-82.5,"Colias eurytheme",2012
"177",40.5,-82.5,"Colias philodice",2012
"178",40.5,-82.5,"Danaus plexippus",2012
"179",40.5,-82.5,"Epargyreus clarus",2012
"180",40.5,-82.5,"Erynnis baptisiae",2012
"181",40.5,-82.5,"Junonia coenia",2012
"182",40.5,-82.5,"Limenitis archippus",2012
"183",40.5,-82.5,"Megisto cymela",2012
"184",40.5,-82.5,"Papilio glaucus",2012
"185",40.5,-82.5,"Papilio polyxenes",2012
"186",40.5,-82.5,"Papilio troilus",2012
"187",40.5,-82.5,"Phyciodes tharos",2012
"188",40.5,-82.5,"Poanes hobomok",2012
"189",40.5,-82.5,"Poanes zabulon",2012
"190",40.5,-82.5,"Polites peckius",2012
"191",40.5,-82.5,"Polites themistocles",2012
"192",40.5,-82.5,"Polygonia comma",2012
"193",40.5,-82.5,"Polygonia interrogationis",2012
"194",40.5,-82.5,"Pyrgus communis",2012
"195",40.5,-82.5,"Speyeria cybele",2012
"196",40.5,-82.5,"Vanessa atalanta",2012
"197",40.5,-82.5,"Vanessa cardui",2012
"198",40.5,-82.5,"Vanessa virginiensis",2012
"199",41.5,-88.5,"Ancyloxypha numitor",2012
"200",41.5,-88.5,"Atalopedes campestris",2012
"201",41.5,-88.5,"Cercyonis pegala",2012
"202",41.5,-88.5,"Danaus plexippus",2012
"203",41.5,-88.5,"Epargyreus clarus",2012
"204",41.5,-88.5,"Erynnis baptisiae",2012
"205",41.5,-88.5,"Euptoieta claudia",2012
"206",41.5,-88.5,"Junonia coenia",2012
"207",41.5,-88.5,"Limenitis archippus",2012
"208",41.5,-88.5,"Limenitis arthemis astyanax",2012
"209",41.5,-88.5,"Megisto cymela",2012
"210",41.5,-88.5,"Nymphalis antiopa",2012
"211",41.5,-88.5,"Papilio glaucus",2012
"212",41.5,-88.5,"Papilio polyxenes",2012
"213",41.5,-88.5,"Phyciodes tharos",2012
"214",41.5,-88.5,"Polites peckius",2012
"215",41.5,-88.5,"Polites themistocles",2012
"216",41.5,-88.5,"Polygonia interrogationis",2012
"217",41.5,-88.5,"Speyeria cybele",2012
"218",41.5,-88.5,"Vanessa atalanta",2012
"219",41.5,-88.5,"Vanessa cardui",2012
"220",41.5,-88.5,"Vanessa virginiensis",2012
"221",41.5,-87.5,"Ancyloxypha numitor",2012
"222",41.5,-87.5,"Atalopedes campestris",2012
"223",41.5,-87.5,"Cercyonis pegala",2012
"224",41.5,-87.5,"Danaus plexippus",2012
"225",41.5,-87.5,"Epargyreus clarus",2012
"226",41.5,-87.5,"Erynnis baptisiae",2012
"227",41.5,-87.5,"Junonia coenia",2012
"228",41.5,-87.5,"Limenitis archippus",2012
"229",41.5,-87.5,"Limenitis arthemis astyanax",2012
"230",41.5,-87.5,"Megisto cymela",2012
"231",41.5,-87.5,"Nymphalis antiopa",2012
"232",41.5,-87.5,"Papilio cresphontes",2012
"233",41.5,-87.5,"Papilio glaucus",2012
"234",41.5,-87.5,"Papilio polyxenes",2012
"235",41.5,-87.5,"Papilio troilus",2012
"236",41.5,-87.5,"Phyciodes tharos",2012
"237",41.5,-87.5,"Pieris rapae",2012
"238",41.5,-87.5,"Poanes hobomok",2012
"239",41.5,-87.5,"Polites peckius",2012
"240",41.5,-87.5,"Polygonia comma",2012
"241",41.5,-87.5,"Polygonia interrogationis",2012
"242",41.5,-87.5,"Speyeria cybele",2012
"243",41.5,-87.5,"Vanessa atalanta",2012
"244",41.5,-87.5,"Vanessa cardui",2012
"245",41.5,-87.5,"Vanessa virginiensis",2012
"246",41.5,-83.5,"Ancyloxypha numitor",2012
"247",41.5,-83.5,"Atalopedes campestris",2012
"248",41.5,-83.5,"Cercyonis pegala",2012
"249",41.5,-83.5,"Colias eurytheme",2012
"250",41.5,-83.5,"Colias philodice",2012
"251",41.5,-83.5,"Danaus plexippus",2012
"252",41.5,-83.5,"Epargyreus clarus",2012
"253",41.5,-83.5,"Erynnis baptisiae",2012
"254",41.5,-83.5,"Euptoieta claudia",2012
"255",41.5,-83.5,"Junonia coenia",2012
"256",41.5,-83.5,"Limenitis archippus",2012
"257",41.5,-83.5,"Megisto cymela",2012
"258",41.5,-83.5,"Nymphalis antiopa",2012
"259",41.5,-83.5,"Papilio cresphontes",2012
"260",41.5,-83.5,"Papilio glaucus",2012
"261",41.5,-83.5,"Papilio polyxenes",2012
"262",41.5,-83.5,"Papilio troilus",2012
"263",41.5,-83.5,"Phyciodes tharos",2012
"264",41.5,-83.5,"Pieris rapae",2012
"265",41.5,-83.5,"Poanes hobomok",2012
"266",41.5,-83.5,"Poanes zabulon",2012
"267",41.5,-83.5,"Polites peckius",2012
"268",41.5,-83.5,"Polites themistocles",2012
"269",41.5,-83.5,"Polygonia comma",2012
"270",41.5,-83.5,"Polygonia interrogationis",2012
"271",41.5,-83.5,"Pyrgus communis",2012
"272",41.5,-83.5,"Satyrium titus",2012
"273",41.5,-83.5,"Speyeria cybele",2012
"274",41.5,-83.5,"Vanessa atalanta",2012
"275",41.5,-83.5,"Vanessa cardui",2012
"276",41.5,-83.5,"Vanessa virginiensis",2012
"277",41.5,-82.5,"Ancyloxypha numitor",2012
"278",41.5,-82.5,"Asterocampa celtis",2012
"279",41.5,-82.5,"Cercyonis pegala",2012
"280",41.5,-82.5,"Colias eurytheme",2012
"281",41.5,-82.5,"Colias philodice",2012
"282",41.5,-82.5,"Danaus plexippus",2012
"283",41.5,-82.5,"Epargyreus clarus",2012
"284",41.5,-82.5,"Junonia coenia",2012
"285",41.5,-82.5,"Limenitis archippus",2012
"286",41.5,-82.5,"Megisto cymela",2012
"287",41.5,-82.5,"Nymphalis antiopa",2012
"288",41.5,-82.5,"Papilio glaucus",2012
"289",41.5,-82.5,"Papilio polyxenes",2012
"290",41.5,-82.5,"Phyciodes tharos",2012
"291",41.5,-82.5,"Pieris rapae",2012
"292",41.5,-82.5,"Poanes zabulon",2012
"293",41.5,-82.5,"Polites peckius",2012
"294",41.5,-82.5,"Polygonia comma",2012
"295",41.5,-82.5,"Polygonia interrogationis",2012
"296",41.5,-82.5,"Vanessa atalanta",2012
"297",41.5,-82.5,"Vanessa virginiensis",2012
"298",41.5,-81.5,"Ancyloxypha numitor",2012
"299",41.5,-81.5,"Cercyonis pegala",2012
"300",41.5,-81.5,"Colias eurytheme",2012
"301",41.5,-81.5,"Colias philodice",2012
"302",41.5,-81.5,"Danaus plexippus",2012
"303",41.5,-81.5,"Epargyreus clarus",2012
"304",41.5,-81.5,"Erynnis baptisiae",2012
"305",41.5,-81.5,"Euptoieta claudia",2012
"306",41.5,-81.5,"Junonia coenia",2012
"307",41.5,-81.5,"Limenitis archippus",2012
"308",41.5,-81.5,"Megisto cymela",2012
"309",41.5,-81.5,"Nymphalis antiopa",2012
"310",41.5,-81.5,"Papilio glaucus",2012
"311",41.5,-81.5,"Papilio polyxenes",2012
"312",41.5,-81.5,"Papilio troilus",2012
"313",41.5,-81.5,"Phyciodes tharos",2012
"314",41.5,-81.5,"Pieris rapae",2012
"315",41.5,-81.5,"Poanes hobomok",2012
"316",41.5,-81.5,"Poanes zabulon",2012
"317",41.5,-81.5,"Polites peckius",2012
"318",41.5,-81.5,"Polites themistocles",2012
"319",41.5,-81.5,"Polygonia comma",2012
"320",41.5,-81.5,"Polygonia interrogationis",2012
"321",41.5,-81.5,"Pyrgus communis",2012
"322",41.5,-81.5,"Satyrium calanus",2012
"323",41.5,-81.5,"Speyeria cybele",2012
"324",41.5,-81.5,"Vanessa atalanta",2012
"325",41.5,-81.5,"Vanessa cardui",2012
"326",41.5,-81.5,"Vanessa virginiensis",2012
"327",38.5,-83.5,"Epargyreus clarus",2013
"328",38.5,-83.5,"Erynnis baptisiae",2013
"329",38.5,-83.5,"Eurytides marcellus",2013
"330",38.5,-83.5,"Megisto cymela",2013
"331",38.5,-83.5,"Papilio glaucus",2013
"332",38.5,-83.5,"Papilio troilus",2013
"333",38.5,-83.5,"Phyciodes tharos",2013
"334",38.5,-83.5,"Polygonia comma",2013
"335",38.5,-83.5,"Speyeria cybele",2013
"336",38.5,-77.5,"Ancyloxypha numitor",2013
"337",38.5,-77.5,"Atalopedes campestris",2013
"338",38.5,-77.5,"Cercyonis pegala",2013
"339",38.5,-77.5,"Colias eurytheme",2013
"340",38.5,-77.5,"Colias philodice",2013
"341",38.5,-77.5,"Cupido comyntas",2013
"342",38.5,-77.5,"Danaus plexippus",2013
"343",38.5,-77.5,"Epargyreus clarus",2013
"344",38.5,-77.5,"Erynnis baptisiae",2013
"345",38.5,-77.5,"Euptoieta claudia",2013
"346",38.5,-77.5,"Eurytides marcellus",2013
"347",38.5,-77.5,"Junonia coenia",2013
"348",38.5,-77.5,"Lerema accius",2013
"349",38.5,-77.5,"Limenitis archippus",2013
"350",38.5,-77.5,"Megisto cymela",2013
"351",38.5,-77.5,"Nymphalis antiopa",2013
"352",38.5,-77.5,"Papilio glaucus",2013
"353",38.5,-77.5,"Papilio polyxenes",2013
"354",38.5,-77.5,"Papilio troilus",2013
"355",38.5,-77.5,"Phyciodes tharos",2013
"356",38.5,-77.5,"Pieris rapae",2013
"357",38.5,-77.5,"Poanes zabulon",2013
"358",38.5,-77.5,"Polites peckius",2013
"359",38.5,-77.5,"Polygonia comma",2013
"360",38.5,-77.5,"Polygonia interrogationis",2013
"361",38.5,-77.5,"Speyeria cybele",2013
"362",38.5,-77.5,"Vanessa atalanta",2013
"363",38.5,-77.5,"Vanessa virginiensis",2013
"364",39.5,-84.5,"Ancyloxypha numitor",2013
"365",39.5,-84.5,"Asterocampa celtis",2013
"366",39.5,-84.5,"Atalopedes campestris",2013
"367",39.5,-84.5,"Cercyonis pegala",2013
"368",39.5,-84.5,"Colias eurytheme",2013
"369",39.5,-84.5,"Colias philodice",2013
"370",39.5,-84.5,"Danaus plexippus",2013
"371",39.5,-84.5,"Epargyreus clarus",2013
"372",39.5,-84.5,"Erynnis baptisiae",2013
"373",39.5,-84.5,"Eurytides marcellus",2013
"374",39.5,-84.5,"Junonia coenia",2013
"375",39.5,-84.5,"Limenitis archippus",2013
"376",39.5,-84.5,"Megisto cymela",2013
"377",39.5,-84.5,"Nastra lherminier",2013
"378",39.5,-84.5,"Nymphalis antiopa",2013
"379",39.5,-84.5,"Papilio cresphontes",2013
"380",39.5,-84.5,"Papilio glaucus",2013
"381",39.5,-84.5,"Papilio polyxenes",2013
"382",39.5,-84.5,"Papilio troilus",2013
"383",39.5,-84.5,"Phyciodes tharos",2013
"384",39.5,-84.5,"Pieris rapae",2013
"385",39.5,-84.5,"Poanes hobomok",2013
"386",39.5,-84.5,"Poanes zabulon",2013
"387",39.5,-84.5,"Polites peckius",2013
"388",39.5,-84.5,"Polites themistocles",2013
"389",39.5,-84.5,"Polygonia comma",2013
"390",39.5,-84.5,"Polygonia interrogationis",2013
"391",39.5,-84.5,"Pyrgus communis",2013
"392",39.5,-84.5,"Satyrium calanus",2013
"393",39.5,-84.5,"Speyeria cybele",2013
"394",39.5,-84.5,"Vanessa atalanta",2013
"395",39.5,-84.5,"Vanessa cardui",2013
"396",39.5,-84.5,"Vanessa virginiensis",2013
"397",39.5,-83.5,"Ancyloxypha numitor",2013
"398",39.5,-83.5,"Asterocampa celtis",2013
"399",39.5,-83.5,"Cercyonis pegala",2013
"400",39.5,-83.5,"Colias eurytheme",2013
"401",39.5,-83.5,"Colias philodice",2013
"402",39.5,-83.5,"Danaus plexippus",2013
"403",39.5,-83.5,"Epargyreus clarus",2013
"404",39.5,-83.5,"Junonia coenia",2013
"405",39.5,-83.5,"Limenitis archippus",2013
"406",39.5,-83.5,"Megisto cymela",2013
"407",39.5,-83.5,"Papilio cresphontes",2013
"408",39.5,-83.5,"Papilio glaucus",2013
"409",39.5,-83.5,"Papilio polyxenes",2013
"410",39.5,-83.5,"Papilio troilus",2013
"411",39.5,-83.5,"Phyciodes tharos",2013
"412",39.5,-83.5,"Pieris rapae",2013
"413",39.5,-83.5,"Poanes zabulon",2013
"414",39.5,-83.5,"Polites peckius",2013
"415",39.5,-83.5,"Polygonia comma",2013
"416",39.5,-83.5,"Polygonia interrogationis",2013
"417",39.5,-83.5,"Pyrgus communis",2013
"418",39.5,-83.5,"Speyeria cybele",2013
"419",39.5,-82.5,"Ancyloxypha numitor",2013
"420",39.5,-82.5,"Asterocampa celtis",2013
"421",39.5,-82.5,"Atalopedes campestris",2013
"422",39.5,-82.5,"Cercyonis pegala",2013
"423",39.5,-82.5,"Colias eurytheme",2013
"424",39.5,-82.5,"Colias philodice",2013
"425",39.5,-82.5,"Danaus plexippus",2013
"426",39.5,-82.5,"Epargyreus clarus",2013
"427",39.5,-82.5,"Erynnis baptisiae",2013
"428",39.5,-82.5,"Euptoieta claudia",2013
"429",39.5,-82.5,"Limenitis archippus",2013
"430",39.5,-82.5,"Megisto cymela",2013
"431",39.5,-82.5,"Nymphalis antiopa",2013
"432",39.5,-82.5,"Papilio glaucus",2013
"433",39.5,-82.5,"Papilio polyxenes",2013
"434",39.5,-82.5,"Papilio troilus",2013
"435",39.5,-82.5,"Phyciodes tharos",2013
"436",39.5,-82.5,"Pieris rapae",2013
"437",39.5,-82.5,"Poanes zabulon",2013
"438",39.5,-82.5,"Polites peckius",2013
"439",39.5,-82.5,"Polites themistocles",2013
"440",39.5,-82.5,"Polygonia comma",2013
"441",39.5,-82.5,"Polygonia interrogationis",2013
"442",39.5,-82.5,"Speyeria cybele",2013
"443",39.5,-82.5,"Vanessa atalanta",2013
"444",39.5,-82.5,"Vanessa cardui",2013
"445",39.5,-81.5,"Ancyloxypha numitor",2013
"446",39.5,-81.5,"Cercyonis pegala",2013
"447",39.5,-81.5,"Colias eurytheme",2013
"448",39.5,-81.5,"Colias philodice",2013
"449",39.5,-81.5,"Danaus plexippus",2013
"450",39.5,-81.5,"Epargyreus clarus",2013
"451",39.5,-81.5,"Limenitis archippus",2013
"452",39.5,-81.5,"Megisto cymela",2013
"453",39.5,-81.5,"Papilio glaucus",2013
"454",39.5,-81.5,"Papilio polyxenes",2013
"455",39.5,-81.5,"Papilio troilus",2013
"456",39.5,-81.5,"Phyciodes tharos",2013
"457",39.5,-81.5,"Pieris rapae",2013
"458",39.5,-81.5,"Poanes zabulon",2013
"459",39.5,-81.5,"Speyeria cybele",2013
"460",39.5,-81.5,"Vanessa atalanta",2013
"461",40.5,-84.5,"Asterocampa celtis",2013
"462",40.5,-84.5,"Cercyonis pegala",2013
"463",40.5,-84.5,"Colias eurytheme",2013
"464",40.5,-84.5,"Colias philodice",2013
"465",40.5,-84.5,"Danaus plexippus",2013
"466",40.5,-84.5,"Epargyreus clarus",2013
"467",40.5,-84.5,"Junonia coenia",2013
"468",40.5,-84.5,"Limenitis archippus",2013
"469",40.5,-84.5,"Megisto cymela",2013
"470",40.5,-84.5,"Papilio glaucus",2013
"471",40.5,-84.5,"Papilio polyxenes",2013
"472",40.5,-84.5,"Phyciodes tharos",2013
"473",40.5,-84.5,"Pieris rapae",2013
"474",40.5,-84.5,"Polites peckius",2013
"475",40.5,-84.5,"Polygonia comma",2013
"476",40.5,-84.5,"Speyeria cybele",2013
"477",40.5,-84.5,"Vanessa atalanta",2013
"478",40.5,-84.5,"Vanessa cardui",2013
"479",40.5,-83.5,"Ancyloxypha numitor",2013
"480",40.5,-83.5,"Asterocampa celtis",2013
"481",40.5,-83.5,"Atalopedes campestris",2013
"482",40.5,-83.5,"Cercyonis pegala",2013
"483",40.5,-83.5,"Colias eurytheme",2013
"484",40.5,-83.5,"Colias philodice",2013
"485",40.5,-83.5,"Danaus plexippus",2013
"486",40.5,-83.5,"Epargyreus clarus",2013
"487",40.5,-83.5,"Erynnis baptisiae",2013
"488",40.5,-83.5,"Eurytides marcellus",2013
"489",40.5,-83.5,"Junonia coenia",2013
"490",40.5,-83.5,"Limenitis archippus",2013
"491",40.5,-83.5,"Megisto cymela",2013
"492",40.5,-83.5,"Nymphalis antiopa",2013
"493",40.5,-83.5,"Papilio cresphontes",2013
"494",40.5,-83.5,"Papilio glaucus",2013
"495",40.5,-83.5,"Papilio polyxenes",2013
"496",40.5,-83.5,"Papilio troilus",2013
"497",40.5,-83.5,"Phyciodes tharos",2013
"498",40.5,-83.5,"Pieris rapae",2013
"499",40.5,-83.5,"Poanes zabulon",2013
"500",40.5,-83.5,"Polites peckius",2013
"501",40.5,-83.5,"Polites themistocles",2013
"502",40.5,-83.5,"Polygonia comma",2013
"503",40.5,-83.5,"Polygonia interrogationis",2013
"504",40.5,-83.5,"Speyeria cybele",2013
"505",40.5,-83.5,"Vanessa atalanta",2013
"506",40.5,-82.5,"Ancyloxypha numitor",2013
"507",40.5,-82.5,"Atalopedes campestris",2013
"508",40.5,-82.5,"Cercyonis pegala",2013
"509",40.5,-82.5,"Colias eurytheme",2013
"510",40.5,-82.5,"Colias philodice",2013
"511",40.5,-82.5,"Danaus plexippus",2013
"512",40.5,-82.5,"Epargyreus clarus",2013
"513",40.5,-82.5,"Erynnis baptisiae",2013
"514",40.5,-82.5,"Eurytides marcellus",2013
"515",40.5,-82.5,"Limenitis archippus",2013
"516",40.5,-82.5,"Megisto cymela",2013
"517",40.5,-82.5,"Nymphalis antiopa",2013
"518",40.5,-82.5,"Papilio cresphontes",2013
"519",40.5,-82.5,"Papilio glaucus",2013
"520",40.5,-82.5,"Papilio polyxenes",2013
"521",40.5,-82.5,"Papilio troilus",2013
"522",40.5,-82.5,"Phyciodes tharos",2013
"523",40.5,-82.5,"Pieris rapae",2013
"524",40.5,-82.5,"Poanes hobomok",2013
"525",40.5,-82.5,"Poanes zabulon",2013
"526",40.5,-82.5,"Polites peckius",2013
"527",40.5,-82.5,"Polites themistocles",2013
"528",40.5,-82.5,"Polygonia comma",2013
"529",40.5,-82.5,"Polygonia interrogationis",2013
"530",40.5,-82.5,"Pyrgus communis",2013
"531",40.5,-82.5,"Speyeria cybele",2013
"532",40.5,-82.5,"Vanessa atalanta",2013
"533",41.5,-88.5,"Ancyloxypha numitor",2013
"534",41.5,-88.5,"Cercyonis pegala",2013
"535",41.5,-88.5,"Danaus plexippus",2013
"536",41.5,-88.5,"Epargyreus clarus",2013
"537",41.5,-88.5,"Erynnis baptisiae",2013
"538",41.5,-88.5,"Junonia coenia",2013
"539",41.5,-88.5,"Limenitis archippus",2013
"540",41.5,-88.5,"Limenitis arthemis astyanax",2013
"541",41.5,-88.5,"Megisto cymela",2013
"542",41.5,-88.5,"Nymphalis antiopa",2013
"543",41.5,-88.5,"Papilio glaucus",2013
"544",41.5,-88.5,"Papilio polyxenes",2013
"545",41.5,-88.5,"Phyciodes tharos",2013
"546",41.5,-88.5,"Pieris rapae",2013
"547",41.5,-88.5,"Polites peckius",2013
"548",41.5,-88.5,"Polygonia comma",2013
"549",41.5,-88.5,"Polygonia interrogationis",2013
"550",41.5,-88.5,"Speyeria cybele",2013
"551",41.5,-88.5,"Vanessa atalanta",2013
"552",41.5,-88.5,"Vanessa cardui",2013
"553",41.5,-88.5,"Vanessa virginiensis",2013
"554",41.5,-87.5,"Ancyloxypha numitor",2013
"555",41.5,-87.5,"Cercyonis pegala",2013
"556",41.5,-87.5,"Danaus plexippus",2013
"557",41.5,-87.5,"Epargyreus clarus",2013
"558",41.5,-87.5,"Erynnis baptisiae",2013
"559",41.5,-87.5,"Junonia coenia",2013
"560",41.5,-87.5,"Limenitis archippus",2013
"561",41.5,-87.5,"Limenitis arthemis astyanax",2013
"562",41.5,-87.5,"Megisto cymela",2013
"563",41.5,-87.5,"Nymphalis antiopa",2013
"564",41.5,-87.5,"Papilio cresphontes",2013
"565",41.5,-87.5,"Papilio glaucus",2013
"566",41.5,-87.5,"Papilio polyxenes",2013
"567",41.5,-87.5,"Papilio troilus",2013
"568",41.5,-87.5,"Phyciodes tharos",2013
"569",41.5,-87.5,"Pieris rapae",2013
"570",41.5,-87.5,"Poanes hobomok",2013
"571",41.5,-87.5,"Polites peckius",2013
"572",41.5,-87.5,"Polites themistocles",2013
"573",41.5,-87.5,"Polygonia comma",2013
"574",41.5,-87.5,"Polygonia interrogationis",2013
"575",41.5,-87.5,"Speyeria cybele",2013
"576",41.5,-87.5,"Vanessa atalanta",2013
"577",41.5,-87.5,"Vanessa virginiensis",2013
"578",41.5,-83.5,"Ancyloxypha numitor",2013
"579",41.5,-83.5,"Cercyonis pegala",2013
"580",41.5,-83.5,"Colias eurytheme",2013
"581",41.5,-83.5,"Colias philodice",2013
"582",41.5,-83.5,"Danaus plexippus",2013
"583",41.5,-83.5,"Epargyreus clarus",2013
"584",41.5,-83.5,"Erynnis baptisiae",2013
"585",41.5,-83.5,"Junonia coenia",2013
"586",41.5,-83.5,"Limenitis archippus",2013
"587",41.5,-83.5,"Megisto cymela",2013
"588",41.5,-83.5,"Nymphalis antiopa",2013
"589",41.5,-83.5,"Papilio glaucus",2013
"590",41.5,-83.5,"Papilio polyxenes",2013
"591",41.5,-83.5,"Papilio troilus",2013
"592",41.5,-83.5,"Phyciodes tharos",2013
"593",41.5,-83.5,"Pieris rapae",2013
"594",41.5,-83.5,"Polites peckius",2013
"595",41.5,-83.5,"Polites themistocles",2013
"596",41.5,-83.5,"Polygonia comma",2013
"597",41.5,-83.5,"Polygonia interrogationis",2013
"598",41.5,-83.5,"Satyrium calanus",2013
"599",41.5,-83.5,"Satyrium titus",2013
"600",41.5,-83.5,"Speyeria cybele",2013
"601",41.5,-83.5,"Vanessa atalanta",2013
"602",41.5,-83.5,"Vanessa cardui",2013
"603",41.5,-83.5,"Vanessa virginiensis",2013
"604",41.5,-82.5,"Ancyloxypha numitor",2013
"605",41.5,-82.5,"Cercyonis pegala",2013
"606",41.5,-82.5,"Colias eurytheme",2013
"607",41.5,-82.5,"Colias philodice",2013
"608",41.5,-82.5,"Danaus plexippus",2013
"609",41.5,-82.5,"Epargyreus clarus",2013
"610",41.5,-82.5,"Limenitis archippus",2013
"611",41.5,-82.5,"Megisto cymela",2013
"612",41.5,-82.5,"Nymphalis antiopa",2013
"613",41.5,-82.5,"Papilio glaucus",2013
"614",41.5,-82.5,"Papilio polyxenes",2013
"615",41.5,-82.5,"Phyciodes tharos",2013
"616",41.5,-82.5,"Pieris rapae",2013
"617",41.5,-82.5,"Polites peckius",2013
"618",41.5,-82.5,"Polygonia comma",2013
"619",41.5,-82.5,"Polygonia interrogationis",2013
"620",41.5,-82.5,"Vanessa atalanta",2013
"621",41.5,-81.5,"Ancyloxypha numitor",2013
"622",41.5,-81.5,"Cercyonis pegala",2013
"623",41.5,-81.5,"Colias eurytheme",2013
"624",41.5,-81.5,"Colias philodice",2013
"625",41.5,-81.5,"Danaus plexippus",2013
"626",41.5,-81.5,"Epargyreus clarus",2013
"627",41.5,-81.5,"Erynnis baptisiae",2013
"628",41.5,-81.5,"Junonia coenia",2013
"629",41.5,-81.5,"Limenitis archippus",2013
"630",41.5,-81.5,"Megisto cymela",2013
"631",41.5,-81.5,"Nymphalis antiopa",2013
"632",41.5,-81.5,"Papilio glaucus",2013
"633",41.5,-81.5,"Papilio polyxenes",2013
"634",41.5,-81.5,"Papilio troilus",2013
"635",41.5,-81.5,"Phyciodes tharos",2013
"636",41.5,-81.5,"Pieris rapae",2013
"637",41.5,-81.5,"Poanes hobomok",2013
"638",41.5,-81.5,"Poanes zabulon",2013
"639",41.5,-81.5,"Polites peckius",2013
"640",41.5,-81.5,"Polites themistocles",2013
"641",41.5,-81.5,"Polygonia comma",2013
"642",41.5,-81.5,"Polygonia interrogationis",2013
"643",41.5,-81.5,"Speyeria cybele",2013
"644",41.5,-81.5,"Vanessa atalanta",2013
"645",41.5,-81.5,"Vanessa cardui",2013
"646",41.5,-81.5,"Vanessa virginiensis",2013
"647",38.5,-83.5,"Asterocampa celtis",2014
"648",38.5,-83.5,"Cercyonis pegala",2014
"649",38.5,-83.5,"Colias eurytheme",2014
"650",38.5,-83.5,"Epargyreus clarus",2014
"651",38.5,-83.5,"Eurytides marcellus",2014
"652",38.5,-83.5,"Megisto cymela",2014
"653",38.5,-83.5,"Nymphalis antiopa",2014
"654",38.5,-83.5,"Papilio glaucus",2014
"655",38.5,-83.5,"Papilio troilus",2014
"656",38.5,-83.5,"Phyciodes tharos",2014
"657",38.5,-83.5,"Poanes hobomok",2014
"658",38.5,-83.5,"Polygonia interrogationis",2014
"659",38.5,-83.5,"Speyeria cybele",2014
"660",38.5,-83.5,"Vanessa atalanta",2014
"661",38.5,-77.5,"Ancyloxypha numitor",2014
"662",38.5,-77.5,"Atalopedes campestris",2014
"663",38.5,-77.5,"Cercyonis pegala",2014
"664",38.5,-77.5,"Colias eurytheme",2014
"665",38.5,-77.5,"Colias philodice",2014
"666",38.5,-77.5,"Cupido comyntas",2014
"667",38.5,-77.5,"Danaus plexippus",2014
"668",38.5,-77.5,"Epargyreus clarus",2014
"669",38.5,-77.5,"Erynnis baptisiae",2014
"670",38.5,-77.5,"Euptoieta claudia",2014
"671",38.5,-77.5,"Eurytides marcellus",2014
"672",38.5,-77.5,"Junonia coenia",2014
"673",38.5,-77.5,"Limenitis archippus",2014
"674",38.5,-77.5,"Megisto cymela",2014
"675",38.5,-77.5,"Papilio glaucus",2014
"676",38.5,-77.5,"Papilio polyxenes",2014
"677",38.5,-77.5,"Papilio troilus",2014
"678",38.5,-77.5,"Phyciodes tharos",2014
"679",38.5,-77.5,"Pieris rapae",2014
"680",38.5,-77.5,"Poanes zabulon",2014
"681",38.5,-77.5,"Polites peckius",2014
"682",38.5,-77.5,"Polites themistocles",2014
"683",38.5,-77.5,"Polygonia comma",2014
"684",38.5,-77.5,"Polygonia interrogationis",2014
"685",38.5,-77.5,"Speyeria cybele",2014
"686",38.5,-77.5,"Vanessa atalanta",2014
"687",38.5,-77.5,"Vanessa cardui",2014
"688",38.5,-77.5,"Vanessa virginiensis",2014
"689",39.5,-84.5,"Ancyloxypha numitor",2014
"690",39.5,-84.5,"Asterocampa celtis",2014
"691",39.5,-84.5,"Atalopedes campestris",2014
"692",39.5,-84.5,"Cercyonis pegala",2014
"693",39.5,-84.5,"Colias eurytheme",2014
"694",39.5,-84.5,"Colias philodice",2014
"695",39.5,-84.5,"Danaus plexippus",2014
"696",39.5,-84.5,"Epargyreus clarus",2014
"697",39.5,-84.5,"Erynnis baptisiae",2014
"698",39.5,-84.5,"Eurytides marcellus",2014
"699",39.5,-84.5,"Junonia coenia",2014
"700",39.5,-84.5,"Megisto cymela",2014
"701",39.5,-84.5,"Nastra lherminier",2014
"702",39.5,-84.5,"Nymphalis antiopa",2014
"703",39.5,-84.5,"Papilio cresphontes",2014
"704",39.5,-84.5,"Papilio glaucus",2014
"705",39.5,-84.5,"Papilio polyxenes",2014
"706",39.5,-84.5,"Papilio troilus",2014
"707",39.5,-84.5,"Phyciodes tharos",2014
"708",39.5,-84.5,"Pieris rapae",2014
"709",39.5,-84.5,"Poanes hobomok",2014
"710",39.5,-84.5,"Poanes zabulon",2014
"711",39.5,-84.5,"Polites peckius",2014
"712",39.5,-84.5,"Polites themistocles",2014
"713",39.5,-84.5,"Polygonia comma",2014
"714",39.5,-84.5,"Polygonia interrogationis",2014
"715",39.5,-84.5,"Pyrgus communis",2014
"716",39.5,-84.5,"Satyrium calanus",2014
"717",39.5,-84.5,"Speyeria cybele",2014
"718",39.5,-84.5,"Vanessa atalanta",2014
"719",39.5,-84.5,"Vanessa cardui",2014
"720",39.5,-84.5,"Vanessa virginiensis",2014
"721",39.5,-82.5,"Ancyloxypha numitor",2014
"722",39.5,-82.5,"Cercyonis pegala",2014
"723",39.5,-82.5,"Colias eurytheme",2014
"724",39.5,-82.5,"Colias philodice",2014
"725",39.5,-82.5,"Danaus plexippus",2014
"726",39.5,-82.5,"Epargyreus clarus",2014
"727",39.5,-82.5,"Junonia coenia",2014
"728",39.5,-82.5,"Limenitis archippus",2014
"729",39.5,-82.5,"Megisto cymela",2014
"730",39.5,-82.5,"Nymphalis antiopa",2014
"731",39.5,-82.5,"Papilio glaucus",2014
"732",39.5,-82.5,"Papilio polyxenes",2014
"733",39.5,-82.5,"Papilio troilus",2014
"734",39.5,-82.5,"Phyciodes tharos",2014
"735",39.5,-82.5,"Pieris rapae",2014
"736",39.5,-82.5,"Poanes zabulon",2014
"737",39.5,-82.5,"Polites peckius",2014
"738",39.5,-82.5,"Polygonia comma",2014
"739",39.5,-82.5,"Polygonia interrogationis",2014
"740",39.5,-82.5,"Speyeria cybele",2014
"741",39.5,-82.5,"Vanessa atalanta",2014
"742",39.5,-82.5,"Vanessa cardui",2014
"743",40.5,-84.5,"Ancyloxypha numitor",2014
"744",40.5,-84.5,"Asterocampa celtis",2014
"745",40.5,-84.5,"Cercyonis pegala",2014
"746",40.5,-84.5,"Colias eurytheme",2014
"747",40.5,-84.5,"Colias philodice",2014
"748",40.5,-84.5,"Danaus plexippus",2014
"749",40.5,-84.5,"Epargyreus clarus",2014
"750",40.5,-84.5,"Junonia coenia",2014
"751",40.5,-84.5,"Limenitis archippus",2014
"752",40.5,-84.5,"Megisto cymela",2014
"753",40.5,-84.5,"Nymphalis antiopa",2014
"754",40.5,-84.5,"Papilio glaucus",2014
"755",40.5,-84.5,"Papilio polyxenes",2014
"756",40.5,-84.5,"Papilio troilus",2014
"757",40.5,-84.5,"Phyciodes tharos",2014
"758",40.5,-84.5,"Pieris rapae",2014
"759",40.5,-84.5,"Polites peckius",2014
"760",40.5,-84.5,"Polygonia comma",2014
"761",40.5,-84.5,"Polygonia interrogationis",2014
"762",40.5,-84.5,"Speyeria cybele",2014
"763",40.5,-84.5,"Vanessa atalanta",2014
"764",40.5,-84.5,"Vanessa cardui",2014
"765",40.5,-84.5,"Vanessa virginiensis",2014
"766",40.5,-83.5,"Ancyloxypha numitor",2014
"767",40.5,-83.5,"Asterocampa celtis",2014
"768",40.5,-83.5,"Cercyonis pegala",2014
"769",40.5,-83.5,"Colias eurytheme",2014
"770",40.5,-83.5,"Colias philodice",2014
"771",40.5,-83.5,"Danaus plexippus",2014
"772",40.5,-83.5,"Epargyreus clarus",2014
"773",40.5,-83.5,"Junonia coenia",2014
"774",40.5,-83.5,"Limenitis archippus",2014
"775",40.5,-83.5,"Megisto cymela",2014
"776",40.5,-83.5,"Nymphalis antiopa",2014
"777",40.5,-83.5,"Papilio cresphontes",2014
"778",40.5,-83.5,"Papilio glaucus",2014
"779",40.5,-83.5,"Papilio polyxenes",2014
"780",40.5,-83.5,"Papilio troilus",2014
"781",40.5,-83.5,"Phyciodes tharos",2014
"782",40.5,-83.5,"Pieris rapae",2014
"783",40.5,-83.5,"Polites peckius",2014
"784",40.5,-83.5,"Polites themistocles",2014
"785",40.5,-83.5,"Polygonia comma",2014
"786",40.5,-83.5,"Polygonia interrogationis",2014
"787",40.5,-83.5,"Speyeria cybele",2014
"788",40.5,-83.5,"Vanessa atalanta",2014
"789",40.5,-83.5,"Vanessa cardui",2014
"790",40.5,-82.5,"Ancyloxypha numitor",2014
"791",40.5,-82.5,"Asterocampa celtis",2014
"792",40.5,-82.5,"Cercyonis pegala",2014
"793",40.5,-82.5,"Colias eurytheme",2014
"794",40.5,-82.5,"Colias philodice",2014
"795",40.5,-82.5,"Danaus plexippus",2014
"796",40.5,-82.5,"Epargyreus clarus",2014
"797",40.5,-82.5,"Erynnis baptisiae",2014
"798",40.5,-82.5,"Junonia coenia",2014
"799",40.5,-82.5,"Limenitis archippus",2014
"800",40.5,-82.5,"Megisto cymela",2014
"801",40.5,-82.5,"Nymphalis antiopa",2014
"802",40.5,-82.5,"Papilio glaucus",2014
"803",40.5,-82.5,"Papilio polyxenes",2014
"804",40.5,-82.5,"Papilio troilus",2014
"805",40.5,-82.5,"Phyciodes tharos",2014
"806",40.5,-82.5,"Pieris rapae",2014
"807",40.5,-82.5,"Poanes zabulon",2014
"808",40.5,-82.5,"Polites peckius",2014
"809",40.5,-82.5,"Polites themistocles",2014
"810",40.5,-82.5,"Polygonia comma",2014
"811",40.5,-82.5,"Polygonia interrogationis",2014
"812",40.5,-82.5,"Pyrgus communis",2014
"813",40.5,-82.5,"Speyeria cybele",2014
"814",40.5,-82.5,"Vanessa atalanta",2014
"815",40.5,-82.5,"Vanessa cardui",2014
"816",41.5,-88.5,"Ancyloxypha numitor",2014
"817",41.5,-88.5,"Asterocampa celtis",2014
"818",41.5,-88.5,"Cercyonis pegala",2014
"819",41.5,-88.5,"Danaus plexippus",2014
"820",41.5,-88.5,"Epargyreus clarus",2014
"821",41.5,-88.5,"Erynnis baptisiae",2014
"822",41.5,-88.5,"Junonia coenia",2014
"823",41.5,-88.5,"Limenitis archippus",2014
"824",41.5,-88.5,"Limenitis arthemis astyanax",2014
"825",41.5,-88.5,"Megisto cymela",2014
"826",41.5,-88.5,"Nymphalis antiopa",2014
"827",41.5,-88.5,"Papilio cresphontes",2014
"828",41.5,-88.5,"Papilio glaucus",2014
"829",41.5,-88.5,"Papilio polyxenes",2014
"830",41.5,-88.5,"Phyciodes tharos",2014
"831",41.5,-88.5,"Pieris rapae",2014
"832",41.5,-88.5,"Polites peckius",2014
"833",41.5,-88.5,"Polites themistocles",2014
"834",41.5,-88.5,"Polygonia comma",2014
"835",41.5,-88.5,"Polygonia interrogationis",2014
"836",41.5,-88.5,"Speyeria cybele",2014
"837",41.5,-88.5,"Vanessa atalanta",2014
"838",41.5,-88.5,"Vanessa cardui",2014
"839",41.5,-88.5,"Vanessa virginiensis",2014
"840",41.5,-87.5,"Ancyloxypha numitor",2014
"841",41.5,-87.5,"Asterocampa celtis",2014
"842",41.5,-87.5,"Cercyonis pegala",2014
"843",41.5,-87.5,"Danaus plexippus",2014
"844",41.5,-87.5,"Epargyreus clarus",2014
"845",41.5,-87.5,"Erynnis baptisiae",2014
"846",41.5,-87.5,"Junonia coenia",2014
"847",41.5,-87.5,"Limenitis archippus",2014
"848",41.5,-87.5,"Limenitis arthemis astyanax",2014
"849",41.5,-87.5,"Megisto cymela",2014
"850",41.5,-87.5,"Nymphalis antiopa",2014
"851",41.5,-87.5,"Papilio cresphontes",2014
"852",41.5,-87.5,"Papilio glaucus",2014
"853",41.5,-87.5,"Papilio polyxenes",2014
"854",41.5,-87.5,"Papilio troilus",2014
"855",41.5,-87.5,"Phyciodes tharos",2014
"856",41.5,-87.5,"Pieris rapae",2014
"857",41.5,-87.5,"Poanes hobomok",2014
"858",41.5,-87.5,"Polites peckius",2014
"859",41.5,-87.5,"Polygonia comma",2014
"860",41.5,-87.5,"Polygonia interrogationis",2014
"861",41.5,-87.5,"Satyrium calanus",2014
"862",41.5,-87.5,"Speyeria cybele",2014
"863",41.5,-87.5,"Vanessa atalanta",2014
"864",41.5,-87.5,"Vanessa cardui",2014
"865",41.5,-87.5,"Vanessa virginiensis",2014
"866",41.5,-83.5,"Ancyloxypha numitor",2014
"867",41.5,-83.5,"Cercyonis pegala",2014
"868",41.5,-83.5,"Colias eurytheme",2014
"869",41.5,-83.5,"Colias philodice",2014
"870",41.5,-83.5,"Danaus plexippus",2014
"871",41.5,-83.5,"Epargyreus clarus",2014
"872",41.5,-83.5,"Erynnis baptisiae",2014
"873",41.5,-83.5,"Junonia coenia",2014
"874",41.5,-83.5,"Limenitis archippus",2014
"875",41.5,-83.5,"Megisto cymela",2014
"876",41.5,-83.5,"Nymphalis antiopa",2014
"877",41.5,-83.5,"Papilio cresphontes",2014
"878",41.5,-83.5,"Papilio glaucus",2014
"879",41.5,-83.5,"Papilio polyxenes",2014
"880",41.5,-83.5,"Papilio troilus",2014
"881",41.5,-83.5,"Phyciodes tharos",2014
"882",41.5,-83.5,"Pieris rapae",2014
"883",41.5,-83.5,"Poanes hobomok",2014
"884",41.5,-83.5,"Polites peckius",2014
"885",41.5,-83.5,"Polites themistocles",2014
"886",41.5,-83.5,"Polygonia comma",2014
"887",41.5,-83.5,"Polygonia interrogationis",2014
"888",41.5,-83.5,"Pyrgus communis",2014
"889",41.5,-83.5,"Satyrium calanus",2014
"890",41.5,-83.5,"Satyrium titus",2014
"891",41.5,-83.5,"Speyeria cybele",2014
"892",41.5,-83.5,"Vanessa atalanta",2014
"893",41.5,-83.5,"Vanessa cardui",2014
"894",41.5,-83.5,"Vanessa virginiensis",2014
"895",41.5,-82.5,"Ancyloxypha numitor",2014
"896",41.5,-82.5,"Cercyonis pegala",2014
"897",41.5,-82.5,"Colias eurytheme",2014
"898",41.5,-82.5,"Colias philodice",2014
"899",41.5,-82.5,"Danaus plexippus",2014
"900",41.5,-82.5,"Limenitis archippus",2014
"901",41.5,-82.5,"Megisto cymela",2014
"902",41.5,-82.5,"Papilio cresphontes",2014
"903",41.5,-82.5,"Papilio glaucus",2014
"904",41.5,-82.5,"Papilio polyxenes",2014
"905",41.5,-82.5,"Phyciodes tharos",2014
"906",41.5,-82.5,"Pieris rapae",2014
"907",41.5,-82.5,"Polygonia comma",2014
"908",41.5,-82.5,"Vanessa atalanta",2014
"909",41.5,-81.5,"Ancyloxypha numitor",2014
"910",41.5,-81.5,"Cercyonis pegala",2014
"911",41.5,-81.5,"Colias eurytheme",2014
"912",41.5,-81.5,"Colias philodice",2014
"913",41.5,-81.5,"Danaus plexippus",2014
"914",41.5,-81.5,"Epargyreus clarus",2014
"915",41.5,-81.5,"Erynnis baptisiae",2014
"916",41.5,-81.5,"Junonia coenia",2014
"917",41.5,-81.5,"Limenitis archippus",2014
"918",41.5,-81.5,"Megisto cymela",2014
"919",41.5,-81.5,"Nymphalis antiopa",2014
"920",41.5,-81.5,"Papilio cresphontes",2014
"921",41.5,-81.5,"Papilio glaucus",2014
"922",41.5,-81.5,"Papilio polyxenes",2014
"923",41.5,-81.5,"Papilio troilus",2014
"924",41.5,-81.5,"Phyciodes tharos",2014
"925",41.5,-81.5,"Pieris rapae",2014
"926",41.5,-81.5,"Poanes hobomok",2014
"927",41.5,-81.5,"Poanes zabulon",2014
"928",41.5,-81.5,"Polites peckius",2014
"929",41.5,-81.5,"Polites themistocles",2014
"930",41.5,-81.5,"Polygonia comma",2014
"931",41.5,-81.5,"Polygonia interrogationis",2014
"932",41.5,-81.5,"Speyeria cybele",2014
"933",41.5,-81.5,"Vanessa atalanta",2014
"934",41.5,-81.5,"Vanessa cardui",2014
"935",41.5,-81.5,"Vanessa virginiensis",2014
"936",38.5,-77.5,"Ancyloxypha numitor",2015
"937",38.5,-77.5,"Asterocampa celtis",2015
"938",38.5,-77.5,"Atalopedes campestris",2015
"939",38.5,-77.5,"Cercyonis pegala",2015
"940",38.5,-77.5,"Colias eurytheme",2015
"941",38.5,-77.5,"Colias philodice",2015
"942",38.5,-77.5,"Cupido comyntas",2015
"943",38.5,-77.5,"Danaus plexippus",2015
"944",38.5,-77.5,"Epargyreus clarus",2015
"945",38.5,-77.5,"Erynnis baptisiae",2015
"946",38.5,-77.5,"Euptoieta claudia",2015
"947",38.5,-77.5,"Eurytides marcellus",2015
"948",38.5,-77.5,"Junonia coenia",2015
"949",38.5,-77.5,"Limenitis archippus",2015
"950",38.5,-77.5,"Megisto cymela",2015
"951",38.5,-77.5,"Nymphalis antiopa",2015
"952",38.5,-77.5,"Papilio glaucus",2015
"953",38.5,-77.5,"Papilio polyxenes",2015
"954",38.5,-77.5,"Papilio troilus",2015
"955",38.5,-77.5,"Phyciodes tharos",2015
"956",38.5,-77.5,"Pieris rapae",2015
"957",38.5,-77.5,"Poanes zabulon",2015
"958",38.5,-77.5,"Polites peckius",2015
"959",38.5,-77.5,"Polites themistocles",2015
"960",38.5,-77.5,"Polygonia comma",2015
"961",38.5,-77.5,"Polygonia interrogationis",2015
"962",38.5,-77.5,"Pyrgus communis",2015
"963",38.5,-77.5,"Speyeria cybele",2015
"964",38.5,-77.5,"Vanessa atalanta",2015
"965",38.5,-77.5,"Vanessa virginiensis",2015
"966",39.5,-84.5,"Ancyloxypha numitor",2015
"967",39.5,-84.5,"Asterocampa celtis",2015
"968",39.5,-84.5,"Atalopedes campestris",2015
"969",39.5,-84.5,"Cercyonis pegala",2015
"970",39.5,-84.5,"Colias eurytheme",2015
"971",39.5,-84.5,"Colias philodice",2015
"972",39.5,-84.5,"Danaus plexippus",2015
"973",39.5,-84.5,"Epargyreus clarus",2015
"974",39.5,-84.5,"Erynnis baptisiae",2015
"975",39.5,-84.5,"Eurytides marcellus",2015
"976",39.5,-84.5,"Junonia coenia",2015
"977",39.5,-84.5,"Limenitis archippus",2015
"978",39.5,-84.5,"Megisto cymela",2015
"979",39.5,-84.5,"Nastra lherminier",2015
"980",39.5,-84.5,"Nymphalis antiopa",2015
"981",39.5,-84.5,"Papilio glaucus",2015
"982",39.5,-84.5,"Papilio polyxenes",2015
"983",39.5,-84.5,"Papilio troilus",2015
"984",39.5,-84.5,"Phyciodes tharos",2015
"985",39.5,-84.5,"Pieris rapae",2015
"986",39.5,-84.5,"Poanes hobomok",2015
"987",39.5,-84.5,"Poanes zabulon",2015
"988",39.5,-84.5,"Polites peckius",2015
"989",39.5,-84.5,"Polites themistocles",2015
"990",39.5,-84.5,"Polygonia comma",2015
"991",39.5,-84.5,"Polygonia interrogationis",2015
"992",39.5,-84.5,"Pyrgus communis",2015
"993",39.5,-84.5,"Satyrium calanus",2015
"994",39.5,-84.5,"Speyeria cybele",2015
"995",39.5,-84.5,"Vanessa atalanta",2015
"996",39.5,-84.5,"Vanessa cardui",2015
"997",39.5,-82.5,"Ancyloxypha numitor",2015
"998",39.5,-82.5,"Cercyonis pegala",2015
"999",39.5,-82.5,"Colias eurytheme",2015
"1000",39.5,-82.5,"Colias philodice",2015
"1001",39.5,-82.5,"Danaus plexippus",2015
"1002",39.5,-82.5,"Epargyreus clarus",2015
"1003",39.5,-82.5,"Junonia coenia",2015
"1004",39.5,-82.5,"Limenitis archippus",2015
"1005",39.5,-82.5,"Megisto cymela",2015
"1006",39.5,-82.5,"Nymphalis antiopa",2015
"1007",39.5,-82.5,"Papilio glaucus",2015
"1008",39.5,-82.5,"Papilio polyxenes",2015
"1009",39.5,-82.5,"Papilio troilus",2015
"1010",39.5,-82.5,"Phyciodes tharos",2015
"1011",39.5,-82.5,"Pieris rapae",2015
"1012",39.5,-82.5,"Poanes zabulon",2015
"1013",39.5,-82.5,"Polites peckius",2015
"1014",39.5,-82.5,"Polygonia comma",2015
"1015",39.5,-82.5,"Polygonia interrogationis",2015
"1016",39.5,-82.5,"Speyeria cybele",2015
"1017",39.5,-82.5,"Vanessa atalanta",2015
"1018",39.5,-82.5,"Vanessa cardui",2015
"1019",40.5,-84.5,"Asterocampa celtis",2015
"1020",40.5,-84.5,"Cercyonis pegala",2015
"1021",40.5,-84.5,"Colias eurytheme",2015
"1022",40.5,-84.5,"Colias philodice",2015
"1023",40.5,-84.5,"Danaus plexippus",2015
"1024",40.5,-84.5,"Epargyreus clarus",2015
"1025",40.5,-84.5,"Erynnis baptisiae",2015
"1026",40.5,-84.5,"Junonia coenia",2015
"1027",40.5,-84.5,"Limenitis archippus",2015
"1028",40.5,-84.5,"Megisto cymela",2015
"1029",40.5,-84.5,"Nymphalis antiopa",2015
"1030",40.5,-84.5,"Papilio glaucus",2015
"1031",40.5,-84.5,"Papilio polyxenes",2015
"1032",40.5,-84.5,"Phyciodes tharos",2015
"1033",40.5,-84.5,"Pieris rapae",2015
"1034",40.5,-84.5,"Polygonia comma",2015
"1035",40.5,-84.5,"Polygonia interrogationis",2015
"1036",40.5,-84.5,"Speyeria cybele",2015
"1037",40.5,-84.5,"Vanessa atalanta",2015
"1038",40.5,-83.5,"Ancyloxypha numitor",2015
"1039",40.5,-83.5,"Asterocampa celtis",2015
"1040",40.5,-83.5,"Cercyonis pegala",2015
"1041",40.5,-83.5,"Colias eurytheme",2015
"1042",40.5,-83.5,"Colias philodice",2015
"1043",40.5,-83.5,"Danaus plexippus",2015
"1044",40.5,-83.5,"Epargyreus clarus",2015
"1045",40.5,-83.5,"Erynnis baptisiae",2015
"1046",40.5,-83.5,"Eurytides marcellus",2015
"1047",40.5,-83.5,"Junonia coenia",2015
"1048",40.5,-83.5,"Limenitis archippus",2015
"1049",40.5,-83.5,"Megisto cymela",2015
"1050",40.5,-83.5,"Nymphalis antiopa",2015
"1051",40.5,-83.5,"Papilio cresphontes",2015
"1052",40.5,-83.5,"Papilio glaucus",2015
"1053",40.5,-83.5,"Papilio polyxenes",2015
"1054",40.5,-83.5,"Papilio troilus",2015
"1055",40.5,-83.5,"Phyciodes tharos",2015
"1056",40.5,-83.5,"Pieris rapae",2015
"1057",40.5,-83.5,"Poanes zabulon",2015
"1058",40.5,-83.5,"Polites peckius",2015
"1059",40.5,-83.5,"Polites themistocles",2015
"1060",40.5,-83.5,"Polygonia comma",2015
"1061",40.5,-83.5,"Polygonia interrogationis",2015
"1062",40.5,-83.5,"Speyeria cybele",2015
"1063",40.5,-83.5,"Vanessa atalanta",2015
"1064",40.5,-82.5,"Ancyloxypha numitor",2015
"1065",40.5,-82.5,"Asterocampa celtis",2015
"1066",40.5,-82.5,"Cercyonis pegala",2015
"1067",40.5,-82.5,"Colias eurytheme",2015
"1068",40.5,-82.5,"Colias philodice",2015
"1069",40.5,-82.5,"Danaus plexippus",2015
"1070",40.5,-82.5,"Epargyreus clarus",2015
"1071",40.5,-82.5,"Erynnis baptisiae",2015
"1072",40.5,-82.5,"Eurytides marcellus",2015
"1073",40.5,-82.5,"Junonia coenia",2015
"1074",40.5,-82.5,"Limenitis archippus",2015
"1075",40.5,-82.5,"Megisto cymela",2015
"1076",40.5,-82.5,"Papilio glaucus",2015
"1077",40.5,-82.5,"Papilio polyxenes",2015
"1078",40.5,-82.5,"Papilio troilus",2015
"1079",40.5,-82.5,"Phyciodes tharos",2015
"1080",40.5,-82.5,"Pieris rapae",2015
"1081",40.5,-82.5,"Poanes hobomok",2015
"1082",40.5,-82.5,"Poanes zabulon",2015
"1083",40.5,-82.5,"Polites peckius",2015
"1084",40.5,-82.5,"Polites themistocles",2015
"1085",40.5,-82.5,"Polygonia comma",2015
"1086",40.5,-82.5,"Polygonia interrogationis",2015
"1087",40.5,-82.5,"Pyrgus communis",2015
"1088",40.5,-82.5,"Speyeria cybele",2015
"1089",40.5,-82.5,"Vanessa atalanta",2015
"1090",41.5,-93.5,"Ancyloxypha numitor",2015
"1091",41.5,-93.5,"Asterocampa celtis",2015
"1092",41.5,-93.5,"Cercyonis pegala",2015
"1093",41.5,-93.5,"Colias eurytheme",2015
"1094",41.5,-93.5,"Colias philodice",2015
"1095",41.5,-93.5,"Danaus plexippus",2015
"1096",41.5,-93.5,"Epargyreus clarus",2015
"1097",41.5,-93.5,"Euptoieta claudia",2015
"1098",41.5,-93.5,"Junonia coenia",2015
"1099",41.5,-93.5,"Limenitis archippus",2015
"1100",41.5,-93.5,"Nymphalis antiopa",2015
"1101",41.5,-93.5,"Papilio cresphontes",2015
"1102",41.5,-93.5,"Papilio glaucus",2015
"1103",41.5,-93.5,"Papilio polyxenes",2015
"1104",41.5,-93.5,"Phyciodes tharos",2015
"1105",41.5,-93.5,"Pieris rapae",2015
"1106",41.5,-93.5,"Polygonia comma",2015
"1107",41.5,-93.5,"Polygonia interrogationis",2015
"1108",41.5,-93.5,"Satyrium calanus",2015
"1109",41.5,-93.5,"Speyeria cybele",2015
"1110",41.5,-93.5,"Vanessa atalanta",2015
"1111",41.5,-93.5,"Vanessa cardui",2015
"1112",41.5,-88.5,"Ancyloxypha numitor",2015
"1113",41.5,-88.5,"Asterocampa celtis",2015
"1114",41.5,-88.5,"Cercyonis pegala",2015
"1115",41.5,-88.5,"Danaus plexippus",2015
"1116",41.5,-88.5,"Epargyreus clarus",2015
"1117",41.5,-88.5,"Erynnis baptisiae",2015
"1118",41.5,-88.5,"Junonia coenia",2015
"1119",41.5,-88.5,"Limenitis archippus",2015
"1120",41.5,-88.5,"Limenitis arthemis astyanax",2015
"1121",41.5,-88.5,"Megisto cymela",2015
"1122",41.5,-88.5,"Nymphalis antiopa",2015
"1123",41.5,-88.5,"Papilio cresphontes",2015
"1124",41.5,-88.5,"Papilio glaucus",2015
"1125",41.5,-88.5,"Papilio polyxenes",2015
"1126",41.5,-88.5,"Phyciodes tharos",2015
"1127",41.5,-88.5,"Pieris rapae",2015
"1128",41.5,-88.5,"Polites peckius",2015
"1129",41.5,-88.5,"Polites themistocles",2015
"1130",41.5,-88.5,"Polygonia comma",2015
"1131",41.5,-88.5,"Polygonia interrogationis",2015
"1132",41.5,-88.5,"Speyeria cybele",2015
"1133",41.5,-88.5,"Vanessa atalanta",2015
"1134",41.5,-88.5,"Vanessa cardui",2015
"1135",41.5,-88.5,"Vanessa virginiensis",2015
"1136",41.5,-87.5,"Ancyloxypha numitor",2015
"1137",41.5,-87.5,"Asterocampa celtis",2015
"1138",41.5,-87.5,"Cercyonis pegala",2015
"1139",41.5,-87.5,"Danaus plexippus",2015
"1140",41.5,-87.5,"Epargyreus clarus",2015
"1141",41.5,-87.5,"Erynnis baptisiae",2015
"1142",41.5,-87.5,"Junonia coenia",2015
"1143",41.5,-87.5,"Limenitis archippus",2015
"1144",41.5,-87.5,"Limenitis arthemis astyanax",2015
"1145",41.5,-87.5,"Megisto cymela",2015
"1146",41.5,-87.5,"Nymphalis antiopa",2015
"1147",41.5,-87.5,"Papilio cresphontes",2015
"1148",41.5,-87.5,"Papilio glaucus",2015
"1149",41.5,-87.5,"Papilio polyxenes",2015
"1150",41.5,-87.5,"Papilio troilus",2015
"1151",41.5,-87.5,"Phyciodes tharos",2015
"1152",41.5,-87.5,"Pieris rapae",2015
"1153",41.5,-87.5,"Poanes hobomok",2015
"1154",41.5,-87.5,"Polites peckius",2015
"1155",41.5,-87.5,"Polites themistocles",2015
"1156",41.5,-87.5,"Polygonia comma",2015
"1157",41.5,-87.5,"Polygonia interrogationis",2015
"1158",41.5,-87.5,"Satyrium calanus",2015
"1159",41.5,-87.5,"Speyeria cybele",2015
"1160",41.5,-87.5,"Vanessa atalanta",2015
"1161",41.5,-87.5,"Vanessa cardui",2015
"1162",41.5,-87.5,"Vanessa virginiensis",2015
"1163",41.5,-85.5,"Colias philodice",2015
"1164",41.5,-85.5,"Danaus plexippus",2015
"1165",41.5,-85.5,"Epargyreus clarus",2015
"1166",41.5,-85.5,"Limenitis archippus",2015
"1167",41.5,-85.5,"Nymphalis antiopa",2015
"1168",41.5,-85.5,"Papilio glaucus",2015
"1169",41.5,-85.5,"Phyciodes tharos",2015
"1170",41.5,-85.5,"Pieris rapae",2015
"1171",41.5,-85.5,"Polygonia comma",2015
"1172",41.5,-85.5,"Polygonia interrogationis",2015
"1173",41.5,-85.5,"Vanessa atalanta",2015
"1174",41.5,-83.5,"Ancyloxypha numitor",2015
"1175",41.5,-83.5,"Asterocampa celtis",2015
"1176",41.5,-83.5,"Cercyonis pegala",2015
"1177",41.5,-83.5,"Colias eurytheme",2015
"1178",41.5,-83.5,"Colias philodice",2015
"1179",41.5,-83.5,"Danaus plexippus",2015
"1180",41.5,-83.5,"Epargyreus clarus",2015
"1181",41.5,-83.5,"Erynnis baptisiae",2015
"1182",41.5,-83.5,"Junonia coenia",2015
"1183",41.5,-83.5,"Limenitis archippus",2015
"1184",41.5,-83.5,"Megisto cymela",2015
"1185",41.5,-83.5,"Nymphalis antiopa",2015
"1186",41.5,-83.5,"Papilio glaucus",2015
"1187",41.5,-83.5,"Papilio polyxenes",2015
"1188",41.5,-83.5,"Papilio troilus",2015
"1189",41.5,-83.5,"Phyciodes tharos",2015
"1190",41.5,-83.5,"Pieris rapae",2015
"1191",41.5,-83.5,"Poanes hobomok",2015
"1192",41.5,-83.5,"Polites peckius",2015
"1193",41.5,-83.5,"Polites themistocles",2015
"1194",41.5,-83.5,"Polygonia comma",2015
"1195",41.5,-83.5,"Polygonia interrogationis",2015
"1196",41.5,-83.5,"Satyrium calanus",2015
"1197",41.5,-83.5,"Satyrium titus",2015
"1198",41.5,-83.5,"Speyeria cybele",2015
"1199",41.5,-83.5,"Vanessa atalanta",2015
"1200",41.5,-83.5,"Vanessa cardui",2015
"1201",41.5,-83.5,"Vanessa virginiensis",2015
"1202",41.5,-82.5,"Ancyloxypha numitor",2015
"1203",41.5,-82.5,"Cercyonis pegala",2015
"1204",41.5,-82.5,"Colias eurytheme",2015
"1205",41.5,-82.5,"Colias philodice",2015
"1206",41.5,-82.5,"Danaus plexippus",2015
"1207",41.5,-82.5,"Epargyreus clarus",2015
"1208",41.5,-82.5,"Limenitis archippus",2015
"1209",41.5,-82.5,"Megisto cymela",2015
"1210",41.5,-82.5,"Papilio glaucus",2015
"1211",41.5,-82.5,"Papilio polyxenes",2015
"1212",41.5,-82.5,"Phyciodes tharos",2015
"1213",41.5,-82.5,"Pieris rapae",2015
"1214",41.5,-82.5,"Speyeria cybele",2015
"1215",41.5,-82.5,"Vanessa atalanta",2015
"1216",41.5,-81.5,"Ancyloxypha numitor",2015
"1217",41.5,-81.5,"Cercyonis pegala",2015
"1218",41.5,-81.5,"Colias eurytheme",2015
"1219",41.5,-81.5,"Colias philodice",2015
"1220",41.5,-81.5,"Danaus plexippus",2015
"1221",41.5,-81.5,"Epargyreus clarus",2015
"1222",41.5,-81.5,"Erynnis baptisiae",2015
"1223",41.5,-81.5,"Junonia coenia",2015
"1224",41.5,-81.5,"Limenitis archippus",2015
"1225",41.5,-81.5,"Megisto cymela",2015
"1226",41.5,-81.5,"Nymphalis antiopa",2015
"1227",41.5,-81.5,"Papilio glaucus",2015
"1228",41.5,-81.5,"Papilio polyxenes",2015
"1229",41.5,-81.5,"Papilio troilus",2015
"1230",41.5,-81.5,"Phyciodes tharos",2015
"1231",41.5,-81.5,"Pieris rapae",2015
"1232",41.5,-81.5,"Poanes hobomok",2015
"1233",41.5,-81.5,"Poanes zabulon",2015
"1234",41.5,-81.5,"Polites peckius",2015
"1235",41.5,-81.5,"Polygonia comma",2015
"1236",41.5,-81.5,"Polygonia interrogationis",2015
"1237",41.5,-81.5,"Satyrium calanus",2015
"1238",41.5,-81.5,"Speyeria cybele",2015
"1239",41.5,-81.5,"Vanessa atalanta",2015
"1240",41.5,-81.5,"Vanessa cardui",2015
"1241",41.5,-81.5,"Vanessa virginiensis",2015
"1242",38.5,-90.5,"Asterocampa celtis",2016
"1243",38.5,-90.5,"Colias philodice",2016
"1244",38.5,-90.5,"Danaus plexippus",2016
"1245",38.5,-90.5,"Epargyreus clarus",2016
"1246",38.5,-90.5,"Junonia coenia",2016
"1247",38.5,-90.5,"Papilio glaucus",2016
"1248",38.5,-90.5,"Papilio polyxenes",2016
"1249",38.5,-90.5,"Papilio troilus",2016
"1250",38.5,-90.5,"Phyciodes tharos",2016
"1251",38.5,-90.5,"Pieris rapae",2016
"1252",38.5,-77.5,"Ancyloxypha numitor",2016
"1253",38.5,-77.5,"Atalopedes campestris",2016
"1254",38.5,-77.5,"Cercyonis pegala",2016
"1255",38.5,-77.5,"Colias eurytheme",2016
"1256",38.5,-77.5,"Colias philodice",2016
"1257",38.5,-77.5,"Cupido comyntas",2016
"1258",38.5,-77.5,"Danaus plexippus",2016
"1259",38.5,-77.5,"Epargyreus clarus",2016
"1260",38.5,-77.5,"Erynnis baptisiae",2016
"1261",38.5,-77.5,"Euptoieta claudia",2016
"1262",38.5,-77.5,"Eurytides marcellus",2016
"1263",38.5,-77.5,"Junonia coenia",2016
"1264",38.5,-77.5,"Limenitis archippus",2016
"1265",38.5,-77.5,"Megisto cymela",2016
"1266",38.5,-77.5,"Nymphalis antiopa",2016
"1267",38.5,-77.5,"Papilio glaucus",2016
"1268",38.5,-77.5,"Papilio polyxenes",2016
"1269",38.5,-77.5,"Papilio troilus",2016
"1270",38.5,-77.5,"Phyciodes tharos",2016
"1271",38.5,-77.5,"Pieris rapae",2016
"1272",38.5,-77.5,"Poanes zabulon",2016
"1273",38.5,-77.5,"Polites peckius",2016
"1274",38.5,-77.5,"Polygonia comma",2016
"1275",38.5,-77.5,"Polygonia interrogationis",2016
"1276",38.5,-77.5,"Speyeria cybele",2016
"1277",38.5,-77.5,"Vanessa atalanta",2016
"1278",38.5,-77.5,"Vanessa virginiensis",2016
"1279",39.5,-84.5,"Ancyloxypha numitor",2016
"1280",39.5,-84.5,"Asterocampa celtis",2016
"1281",39.5,-84.5,"Atalopedes campestris",2016
"1282",39.5,-84.5,"Cercyonis pegala",2016
"1283",39.5,-84.5,"Colias eurytheme",2016
"1284",39.5,-84.5,"Colias philodice",2016
"1285",39.5,-84.5,"Danaus plexippus",2016
"1286",39.5,-84.5,"Epargyreus clarus",2016
"1287",39.5,-84.5,"Erynnis baptisiae",2016
"1288",39.5,-84.5,"Euptoieta claudia",2016
"1289",39.5,-84.5,"Eurytides marcellus",2016
"1290",39.5,-84.5,"Junonia coenia",2016
"1291",39.5,-84.5,"Limenitis archippus",2016
"1292",39.5,-84.5,"Megisto cymela",2016
"1293",39.5,-84.5,"Nastra lherminier",2016
"1294",39.5,-84.5,"Nymphalis antiopa",2016
"1295",39.5,-84.5,"Papilio cresphontes",2016
"1296",39.5,-84.5,"Papilio glaucus",2016
"1297",39.5,-84.5,"Papilio polyxenes",2016
"1298",39.5,-84.5,"Papilio troilus",2016
"1299",39.5,-84.5,"Phyciodes tharos",2016
"1300",39.5,-84.5,"Pieris rapae",2016
"1301",39.5,-84.5,"Poanes hobomok",2016
"1302",39.5,-84.5,"Poanes zabulon",2016
"1303",39.5,-84.5,"Polites peckius",2016
"1304",39.5,-84.5,"Polites themistocles",2016
"1305",39.5,-84.5,"Polygonia comma",2016
"1306",39.5,-84.5,"Polygonia interrogationis",2016
"1307",39.5,-84.5,"Pyrgus communis",2016
"1308",39.5,-84.5,"Satyrium calanus",2016
"1309",39.5,-84.5,"Speyeria cybele",2016
"1310",39.5,-84.5,"Vanessa atalanta",2016
"1311",39.5,-84.5,"Vanessa cardui",2016
"1312",39.5,-84.5,"Vanessa virginiensis",2016
"1313",39.5,-83.5,"Ancyloxypha numitor",2016
"1314",39.5,-83.5,"Asterocampa celtis",2016
"1315",39.5,-83.5,"Cercyonis pegala",2016
"1316",39.5,-83.5,"Colias eurytheme",2016
"1317",39.5,-83.5,"Colias philodice",2016
"1318",39.5,-83.5,"Danaus plexippus",2016
"1319",39.5,-83.5,"Epargyreus clarus",2016
"1320",39.5,-83.5,"Euptoieta claudia",2016
"1321",39.5,-83.5,"Junonia coenia",2016
"1322",39.5,-83.5,"Limenitis archippus",2016
"1323",39.5,-83.5,"Megisto cymela",2016
"1324",39.5,-83.5,"Papilio cresphontes",2016
"1325",39.5,-83.5,"Papilio glaucus",2016
"1326",39.5,-83.5,"Papilio polyxenes",2016
"1327",39.5,-83.5,"Phyciodes tharos",2016
"1328",39.5,-83.5,"Pieris rapae",2016
"1329",39.5,-83.5,"Poanes zabulon",2016
"1330",39.5,-83.5,"Polites peckius",2016
"1331",39.5,-83.5,"Polites themistocles",2016
"1332",39.5,-83.5,"Polygonia comma",2016
"1333",39.5,-83.5,"Polygonia interrogationis",2016
"1334",39.5,-83.5,"Pyrgus communis",2016
"1335",39.5,-83.5,"Speyeria cybele",2016
"1336",39.5,-83.5,"Vanessa atalanta",2016
"1337",39.5,-82.5,"Ancyloxypha numitor",2016
"1338",39.5,-82.5,"Asterocampa celtis",2016
"1339",39.5,-82.5,"Atalopedes campestris",2016
"1340",39.5,-82.5,"Cercyonis pegala",2016
"1341",39.5,-82.5,"Colias eurytheme",2016
"1342",39.5,-82.5,"Colias philodice",2016
"1343",39.5,-82.5,"Danaus plexippus",2016
"1344",39.5,-82.5,"Epargyreus clarus",2016
"1345",39.5,-82.5,"Euptoieta claudia",2016
"1346",39.5,-82.5,"Limenitis archippus",2016
"1347",39.5,-82.5,"Megisto cymela",2016
"1348",39.5,-82.5,"Nymphalis antiopa",2016
"1349",39.5,-82.5,"Papilio glaucus",2016
"1350",39.5,-82.5,"Papilio polyxenes",2016
"1351",39.5,-82.5,"Papilio troilus",2016
"1352",39.5,-82.5,"Phyciodes tharos",2016
"1353",39.5,-82.5,"Pieris rapae",2016
"1354",39.5,-82.5,"Poanes zabulon",2016
"1355",39.5,-82.5,"Polites peckius",2016
"1356",39.5,-82.5,"Polygonia comma",2016
"1357",39.5,-82.5,"Polygonia interrogationis",2016
"1358",39.5,-82.5,"Pyrgus communis",2016
"1359",39.5,-82.5,"Speyeria cybele",2016
"1360",39.5,-82.5,"Vanessa atalanta",2016
"1361",40.5,-88.5,"Danaus plexippus",2016
"1362",40.5,-88.5,"Junonia coenia",2016
"1363",40.5,-88.5,"Limenitis arthemis astyanax",2016
"1364",40.5,-88.5,"Papilio cresphontes",2016
"1365",40.5,-88.5,"Papilio glaucus",2016
"1366",40.5,-88.5,"Papilio polyxenes",2016
"1367",40.5,-88.5,"Phyciodes tharos",2016
"1368",40.5,-88.5,"Vanessa atalanta",2016
"1369",40.5,-84.5,"Cercyonis pegala",2016
"1370",40.5,-84.5,"Colias eurytheme",2016
"1371",40.5,-84.5,"Colias philodice",2016
"1372",40.5,-84.5,"Danaus plexippus",2016
"1373",40.5,-84.5,"Epargyreus clarus",2016
"1374",40.5,-84.5,"Junonia coenia",2016
"1375",40.5,-84.5,"Limenitis archippus",2016
"1376",40.5,-84.5,"Megisto cymela",2016
"1377",40.5,-84.5,"Papilio cresphontes",2016
"1378",40.5,-84.5,"Papilio glaucus",2016
"1379",40.5,-84.5,"Papilio polyxenes",2016
"1380",40.5,-84.5,"Phyciodes tharos",2016
"1381",40.5,-84.5,"Pieris rapae",2016
"1382",40.5,-84.5,"Poanes hobomok",2016
"1383",40.5,-84.5,"Polites peckius",2016
"1384",40.5,-84.5,"Polygonia interrogationis",2016
"1385",40.5,-84.5,"Speyeria cybele",2016
"1386",40.5,-84.5,"Vanessa atalanta",2016
"1387",40.5,-83.5,"Ancyloxypha numitor",2016
"1388",40.5,-83.5,"Asterocampa celtis",2016
"1389",40.5,-83.5,"Cercyonis pegala",2016
"1390",40.5,-83.5,"Colias eurytheme",2016
"1391",40.5,-83.5,"Colias philodice",2016
"1392",40.5,-83.5,"Danaus plexippus",2016
"1393",40.5,-83.5,"Epargyreus clarus",2016
"1394",40.5,-83.5,"Erynnis baptisiae",2016
"1395",40.5,-83.5,"Eurytides marcellus",2016
"1396",40.5,-83.5,"Junonia coenia",2016
"1397",40.5,-83.5,"Limenitis archippus",2016
"1398",40.5,-83.5,"Megisto cymela",2016
"1399",40.5,-83.5,"Nymphalis antiopa",2016
"1400",40.5,-83.5,"Papilio cresphontes",2016
"1401",40.5,-83.5,"Papilio glaucus",2016
"1402",40.5,-83.5,"Papilio polyxenes",2016
"1403",40.5,-83.5,"Papilio troilus",2016
"1404",40.5,-83.5,"Phyciodes tharos",2016
"1405",40.5,-83.5,"Pieris rapae",2016
"1406",40.5,-83.5,"Poanes hobomok",2016
"1407",40.5,-83.5,"Poanes zabulon",2016
"1408",40.5,-83.5,"Polites peckius",2016
"1409",40.5,-83.5,"Polites themistocles",2016
"1410",40.5,-83.5,"Polygonia comma",2016
"1411",40.5,-83.5,"Polygonia interrogationis",2016
"1412",40.5,-83.5,"Pyrgus communis",2016
"1413",40.5,-83.5,"Speyeria cybele",2016
"1414",40.5,-83.5,"Vanessa atalanta",2016
"1415",40.5,-82.5,"Ancyloxypha numitor",2016
"1416",40.5,-82.5,"Asterocampa celtis",2016
"1417",40.5,-82.5,"Cercyonis pegala",2016
"1418",40.5,-82.5,"Colias eurytheme",2016
"1419",40.5,-82.5,"Colias philodice",2016
"1420",40.5,-82.5,"Danaus plexippus",2016
"1421",40.5,-82.5,"Epargyreus clarus",2016
"1422",40.5,-82.5,"Erynnis baptisiae",2016
"1423",40.5,-82.5,"Eurytides marcellus",2016
"1424",40.5,-82.5,"Limenitis archippus",2016
"1425",40.5,-82.5,"Megisto cymela",2016
"1426",40.5,-82.5,"Nymphalis antiopa",2016
"1427",40.5,-82.5,"Papilio cresphontes",2016
"1428",40.5,-82.5,"Papilio glaucus",2016
"1429",40.5,-82.5,"Papilio polyxenes",2016
"1430",40.5,-82.5,"Papilio troilus",2016
"1431",40.5,-82.5,"Phyciodes tharos",2016
"1432",40.5,-82.5,"Pieris rapae",2016
"1433",40.5,-82.5,"Poanes zabulon",2016
"1434",40.5,-82.5,"Polites peckius",2016
"1435",40.5,-82.5,"Polites themistocles",2016
"1436",40.5,-82.5,"Polygonia comma",2016
"1437",40.5,-82.5,"Polygonia interrogationis",2016
"1438",40.5,-82.5,"Pyrgus communis",2016
"1439",40.5,-82.5,"Speyeria cybele",2016
"1440",40.5,-82.5,"Vanessa atalanta",2016
"1441",41.5,-93.5,"Ancyloxypha numitor",2016
"1442",41.5,-93.5,"Asterocampa celtis",2016
"1443",41.5,-93.5,"Cercyonis pegala",2016
"1444",41.5,-93.5,"Colias eurytheme",2016
"1445",41.5,-93.5,"Colias philodice",2016
"1446",41.5,-93.5,"Danaus plexippus",2016
"1447",41.5,-93.5,"Epargyreus clarus",2016
"1448",41.5,-93.5,"Erynnis baptisiae",2016
"1449",41.5,-93.5,"Junonia coenia",2016
"1450",41.5,-93.5,"Limenitis archippus",2016
"1451",41.5,-93.5,"Limenitis arthemis astyanax",2016
"1452",41.5,-93.5,"Nymphalis antiopa",2016
"1453",41.5,-93.5,"Papilio cresphontes",2016
"1454",41.5,-93.5,"Papilio glaucus",2016
"1455",41.5,-93.5,"Papilio polyxenes",2016
"1456",41.5,-93.5,"Phyciodes tharos",2016
"1457",41.5,-93.5,"Pieris rapae",2016
"1458",41.5,-93.5,"Polites peckius",2016
"1459",41.5,-93.5,"Polygonia comma",2016
"1460",41.5,-93.5,"Polygonia interrogationis",2016
"1461",41.5,-93.5,"Speyeria cybele",2016
"1462",41.5,-93.5,"Vanessa atalanta",2016
"1463",41.5,-93.5,"Vanessa cardui",2016
"1464",41.5,-93.5,"Vanessa virginiensis",2016
"1465",41.5,-88.5,"Ancyloxypha numitor",2016
"1466",41.5,-88.5,"Asterocampa celtis",2016
"1467",41.5,-88.5,"Cercyonis pegala",2016
"1468",41.5,-88.5,"Danaus plexippus",2016
"1469",41.5,-88.5,"Epargyreus clarus",2016
"1470",41.5,-88.5,"Erynnis baptisiae",2016
"1471",41.5,-88.5,"Junonia coenia",2016
"1472",41.5,-88.5,"Limenitis archippus",2016
"1473",41.5,-88.5,"Limenitis arthemis astyanax",2016
"1474",41.5,-88.5,"Megisto cymela",2016
"1475",41.5,-88.5,"Nymphalis antiopa",2016
"1476",41.5,-88.5,"Papilio cresphontes",2016
"1477",41.5,-88.5,"Papilio glaucus",2016
"1478",41.5,-88.5,"Papilio polyxenes",2016
"1479",41.5,-88.5,"Phyciodes tharos",2016
"1480",41.5,-88.5,"Pieris rapae",2016
"1481",41.5,-88.5,"Polites peckius",2016
"1482",41.5,-88.5,"Polites themistocles",2016
"1483",41.5,-88.5,"Polygonia comma",2016
"1484",41.5,-88.5,"Polygonia interrogationis",2016
"1485",41.5,-88.5,"Satyrium calanus",2016
"1486",41.5,-88.5,"Speyeria cybele",2016
"1487",41.5,-88.5,"Vanessa atalanta",2016
"1488",41.5,-87.5,"Ancyloxypha numitor",2016
"1489",41.5,-87.5,"Asterocampa celtis",2016
"1490",41.5,-87.5,"Cercyonis pegala",2016
"1491",41.5,-87.5,"Danaus plexippus",2016
"1492",41.5,-87.5,"Epargyreus clarus",2016
"1493",41.5,-87.5,"Erynnis baptisiae",2016
"1494",41.5,-87.5,"Junonia coenia",2016
"1495",41.5,-87.5,"Limenitis archippus",2016
"1496",41.5,-87.5,"Limenitis arthemis astyanax",2016
"1497",41.5,-87.5,"Megisto cymela",2016
"1498",41.5,-87.5,"Nymphalis antiopa",2016
"1499",41.5,-87.5,"Papilio cresphontes",2016
"1500",41.5,-87.5,"Papilio glaucus",2016
"1501",41.5,-87.5,"Papilio polyxenes",2016
"1502",41.5,-87.5,"Papilio troilus",2016
"1503",41.5,-87.5,"Phyciodes tharos",2016
"1504",41.5,-87.5,"Pieris rapae",2016
"1505",41.5,-87.5,"Poanes hobomok",2016
"1506",41.5,-87.5,"Polites peckius",2016
"1507",41.5,-87.5,"Polites themistocles",2016
"1508",41.5,-87.5,"Polygonia comma",2016
"1509",41.5,-87.5,"Polygonia interrogationis",2016
"1510",41.5,-87.5,"Satyrium calanus",2016
"1511",41.5,-87.5,"Speyeria cybele",2016
"1512",41.5,-87.5,"Vanessa atalanta",2016
"1513",41.5,-87.5,"Vanessa virginiensis",2016
"1514",41.5,-85.5,"Colias eurytheme",2016
"1515",41.5,-85.5,"Colias philodice",2016
"1516",41.5,-85.5,"Danaus plexippus",2016
"1517",41.5,-85.5,"Epargyreus clarus",2016
"1518",41.5,-85.5,"Limenitis archippus",2016
"1519",41.5,-85.5,"Limenitis arthemis astyanax",2016
"1520",41.5,-85.5,"Nymphalis antiopa",2016
"1521",41.5,-85.5,"Papilio cresphontes",2016
"1522",41.5,-85.5,"Papilio glaucus",2016
"1523",41.5,-85.5,"Papilio polyxenes",2016
"1524",41.5,-85.5,"Phyciodes tharos",2016
"1525",41.5,-85.5,"Pieris rapae",2016
"1526",41.5,-85.5,"Speyeria cybele",2016
"1527",41.5,-85.5,"Vanessa atalanta",2016
"1528",41.5,-84.5,"Colias eurytheme",2016
"1529",41.5,-84.5,"Colias philodice",2016
"1530",41.5,-84.5,"Epargyreus clarus",2016
"1531",41.5,-84.5,"Limenitis archippus",2016
"1532",41.5,-84.5,"Limenitis arthemis astyanax",2016
"1533",41.5,-84.5,"Papilio glaucus",2016
"1534",41.5,-84.5,"Papilio polyxenes",2016
"1535",41.5,-84.5,"Phyciodes tharos",2016
"1536",41.5,-84.5,"Polygonia comma",2016
"1537",41.5,-84.5,"Speyeria cybele",2016
"1538",41.5,-84.5,"Vanessa atalanta",2016
"1539",41.5,-83.5,"Ancyloxypha numitor",2016
"1540",41.5,-83.5,"Cercyonis pegala",2016
"1541",41.5,-83.5,"Colias eurytheme",2016
"1542",41.5,-83.5,"Colias philodice",2016
"1543",41.5,-83.5,"Danaus plexippus",2016
"1544",41.5,-83.5,"Epargyreus clarus",2016
"1545",41.5,-83.5,"Erynnis baptisiae",2016
"1546",41.5,-83.5,"Euptoieta claudia",2016
"1547",41.5,-83.5,"Junonia coenia",2016
"1548",41.5,-83.5,"Limenitis archippus",2016
"1549",41.5,-83.5,"Megisto cymela",2016
"1550",41.5,-83.5,"Nymphalis antiopa",2016
"1551",41.5,-83.5,"Papilio cresphontes",2016
"1552",41.5,-83.5,"Papilio glaucus",2016
"1553",41.5,-83.5,"Papilio polyxenes",2016
"1554",41.5,-83.5,"Papilio troilus",2016
"1555",41.5,-83.5,"Phyciodes tharos",2016
"1556",41.5,-83.5,"Pieris rapae",2016
"1557",41.5,-83.5,"Poanes hobomok",2016
"1558",41.5,-83.5,"Polites peckius",2016
"1559",41.5,-83.5,"Polites themistocles",2016
"1560",41.5,-83.5,"Polygonia comma",2016
"1561",41.5,-83.5,"Polygonia interrogationis",2016
"1562",41.5,-83.5,"Pyrgus communis",2016
"1563",41.5,-83.5,"Satyrium calanus",2016
"1564",41.5,-83.5,"Satyrium titus",2016
"1565",41.5,-83.5,"Speyeria cybele",2016
"1566",41.5,-83.5,"Vanessa atalanta",2016
"1567",41.5,-83.5,"Vanessa cardui",2016
"1568",41.5,-83.5,"Vanessa virginiensis",2016
"1569",41.5,-82.5,"Ancyloxypha numitor",2016
"1570",41.5,-82.5,"Cercyonis pegala",2016
"1571",41.5,-82.5,"Colias eurytheme",2016
"1572",41.5,-82.5,"Colias philodice",2016
"1573",41.5,-82.5,"Danaus plexippus",2016
"1574",41.5,-82.5,"Epargyreus clarus",2016
"1575",41.5,-82.5,"Erynnis baptisiae",2016
"1576",41.5,-82.5,"Limenitis archippus",2016
"1577",41.5,-82.5,"Megisto cymela",2016
"1578",41.5,-82.5,"Papilio glaucus",2016
"1579",41.5,-82.5,"Papilio polyxenes",2016
"1580",41.5,-82.5,"Phyciodes tharos",2016
"1581",41.5,-82.5,"Pieris rapae",2016
"1582",41.5,-82.5,"Vanessa atalanta",2016
"1583",41.5,-81.5,"Ancyloxypha numitor",2016
"1584",41.5,-81.5,"Cercyonis pegala",2016
"1585",41.5,-81.5,"Colias eurytheme",2016
"1586",41.5,-81.5,"Colias philodice",2016
"1587",41.5,-81.5,"Danaus plexippus",2016
"1588",41.5,-81.5,"Epargyreus clarus",2016
"1589",41.5,-81.5,"Erynnis baptisiae",2016
"1590",41.5,-81.5,"Euptoieta claudia",2016
"1591",41.5,-81.5,"Junonia coenia",2016
"1592",41.5,-81.5,"Limenitis archippus",2016
"1593",41.5,-81.5,"Megisto cymela",2016
"1594",41.5,-81.5,"Nymphalis antiopa",2016
"1595",41.5,-81.5,"Papilio glaucus",2016
"1596",41.5,-81.5,"Papilio polyxenes",2016
"1597",41.5,-81.5,"Papilio troilus",2016
"1598",41.5,-81.5,"Phyciodes tharos",2016
"1599",41.5,-81.5,"Pieris rapae",2016
"1600",41.5,-81.5,"Poanes hobomok",2016
"1601",41.5,-81.5,"Poanes zabulon",2016
"1602",41.5,-81.5,"Polites peckius",2016
"1603",41.5,-81.5,"Polygonia comma",2016
"1604",41.5,-81.5,"Polygonia interrogationis",2016
"1605",41.5,-81.5,"Satyrium calanus",2016
"1606",41.5,-81.5,"Satyrium titus",2016
"1607",41.5,-81.5,"Speyeria cybele",2016
"1608",41.5,-81.5,"Vanessa atalanta",2016
"1609",41.5,-81.5,"Vanessa cardui",2016
"1610",41.5,-81.5,"Vanessa virginiensis",2016
"1611",38.5,-90.5,"Colias philodice",2017
"1612",38.5,-90.5,"Danaus plexippus",2017
"1613",38.5,-90.5,"Epargyreus clarus",2017
"1614",38.5,-90.5,"Euptoieta claudia",2017
"1615",38.5,-90.5,"Junonia coenia",2017
"1616",38.5,-90.5,"Limenitis archippus",2017
"1617",38.5,-90.5,"Limenitis arthemis astyanax",2017
"1618",38.5,-90.5,"Papilio glaucus",2017
"1619",38.5,-90.5,"Papilio troilus",2017
"1620",38.5,-90.5,"Phyciodes tharos",2017
"1621",38.5,-90.5,"Pieris rapae",2017
"1622",38.5,-90.5,"Vanessa cardui",2017
"1623",38.5,-77.5,"Ancyloxypha numitor",2017
"1624",38.5,-77.5,"Atalopedes campestris",2017
"1625",38.5,-77.5,"Colias philodice",2017
"1626",38.5,-77.5,"Cupido comyntas",2017
"1627",38.5,-77.5,"Danaus plexippus",2017
"1628",38.5,-77.5,"Epargyreus clarus",2017
"1629",38.5,-77.5,"Erynnis baptisiae",2017
"1630",38.5,-77.5,"Euptoieta claudia",2017
"1631",38.5,-77.5,"Eurytides marcellus",2017
"1632",38.5,-77.5,"Junonia coenia",2017
"1633",38.5,-77.5,"Megisto cymela",2017
"1634",38.5,-77.5,"Papilio glaucus",2017
"1635",38.5,-77.5,"Papilio polyxenes",2017
"1636",38.5,-77.5,"Papilio troilus",2017
"1637",38.5,-77.5,"Phyciodes tharos",2017
"1638",38.5,-77.5,"Pieris rapae",2017
"1639",38.5,-77.5,"Poanes zabulon",2017
"1640",38.5,-77.5,"Polygonia comma",2017
"1641",38.5,-77.5,"Polygonia interrogationis",2017
"1642",38.5,-77.5,"Speyeria cybele",2017
"1643",38.5,-77.5,"Vanessa atalanta",2017
"1644",38.5,-77.5,"Vanessa virginiensis",2017
"1645",39.5,-84.5,"Ancyloxypha numitor",2017
"1646",39.5,-84.5,"Asterocampa celtis",2017
"1647",39.5,-84.5,"Atalopedes campestris",2017
"1648",39.5,-84.5,"Cercyonis pegala",2017
"1649",39.5,-84.5,"Colias eurytheme",2017
"1650",39.5,-84.5,"Colias philodice",2017
"1651",39.5,-84.5,"Danaus plexippus",2017
"1652",39.5,-84.5,"Epargyreus clarus",2017
"1653",39.5,-84.5,"Erynnis baptisiae",2017
"1654",39.5,-84.5,"Euptoieta claudia",2017
"1655",39.5,-84.5,"Eurytides marcellus",2017
"1656",39.5,-84.5,"Junonia coenia",2017
"1657",39.5,-84.5,"Megisto cymela",2017
"1658",39.5,-84.5,"Nastra lherminier",2017
"1659",39.5,-84.5,"Nymphalis antiopa",2017
"1660",39.5,-84.5,"Papilio cresphontes",2017
"1661",39.5,-84.5,"Papilio glaucus",2017
"1662",39.5,-84.5,"Papilio polyxenes",2017
"1663",39.5,-84.5,"Papilio troilus",2017
"1664",39.5,-84.5,"Phyciodes tharos",2017
"1665",39.5,-84.5,"Pieris rapae",2017
"1666",39.5,-84.5,"Poanes hobomok",2017
"1667",39.5,-84.5,"Poanes zabulon",2017
"1668",39.5,-84.5,"Polites peckius",2017
"1669",39.5,-84.5,"Polites themistocles",2017
"1670",39.5,-84.5,"Polygonia comma",2017
"1671",39.5,-84.5,"Polygonia interrogationis",2017
"1672",39.5,-84.5,"Pyrgus communis",2017
"1673",39.5,-84.5,"Satyrium calanus",2017
"1674",39.5,-84.5,"Speyeria cybele",2017
"1675",39.5,-84.5,"Vanessa atalanta",2017
"1676",39.5,-84.5,"Vanessa cardui",2017
"1677",39.5,-84.5,"Vanessa virginiensis",2017
"1678",39.5,-82.5,"Ancyloxypha numitor",2017
"1679",39.5,-82.5,"Colias eurytheme",2017
"1680",39.5,-82.5,"Colias philodice",2017
"1681",39.5,-82.5,"Danaus plexippus",2017
"1682",39.5,-82.5,"Epargyreus clarus",2017
"1683",39.5,-82.5,"Junonia coenia",2017
"1684",39.5,-82.5,"Limenitis archippus",2017
"1685",39.5,-82.5,"Megisto cymela",2017
"1686",39.5,-82.5,"Papilio glaucus",2017
"1687",39.5,-82.5,"Papilio polyxenes",2017
"1688",39.5,-82.5,"Papilio troilus",2017
"1689",39.5,-82.5,"Phyciodes tharos",2017
"1690",39.5,-82.5,"Poanes zabulon",2017
"1691",39.5,-82.5,"Polites peckius",2017
"1692",39.5,-82.5,"Polygonia comma",2017
"1693",39.5,-82.5,"Polygonia interrogationis",2017
"1694",39.5,-82.5,"Speyeria cybele",2017
"1695",39.5,-82.5,"Vanessa atalanta",2017
"1696",40.5,-83.5,"Ancyloxypha numitor",2017
"1697",40.5,-83.5,"Asterocampa celtis",2017
"1698",40.5,-83.5,"Cercyonis pegala",2017
"1699",40.5,-83.5,"Colias eurytheme",2017
"1700",40.5,-83.5,"Colias philodice",2017
"1701",40.5,-83.5,"Danaus plexippus",2017
"1702",40.5,-83.5,"Epargyreus clarus",2017
"1703",40.5,-83.5,"Eurytides marcellus",2017
"1704",40.5,-83.5,"Junonia coenia",2017
"1705",40.5,-83.5,"Limenitis archippus",2017
"1706",40.5,-83.5,"Megisto cymela",2017
"1707",40.5,-83.5,"Papilio cresphontes",2017
"1708",40.5,-83.5,"Papilio glaucus",2017
"1709",40.5,-83.5,"Papilio polyxenes",2017
"1710",40.5,-83.5,"Papilio troilus",2017
"1711",40.5,-83.5,"Phyciodes tharos",2017
"1712",40.5,-83.5,"Pieris rapae",2017
"1713",40.5,-83.5,"Poanes zabulon",2017
"1714",40.5,-83.5,"Polites peckius",2017
"1715",40.5,-83.5,"Polites themistocles",2017
"1716",40.5,-83.5,"Polygonia comma",2017
"1717",40.5,-83.5,"Polygonia interrogationis",2017
"1718",40.5,-83.5,"Pyrgus communis",2017
"1719",40.5,-83.5,"Speyeria cybele",2017
"1720",40.5,-83.5,"Vanessa atalanta",2017
"1721",40.5,-83.5,"Vanessa cardui",2017
"1722",40.5,-82.5,"Ancyloxypha numitor",2017
"1723",40.5,-82.5,"Atalopedes campestris",2017
"1724",40.5,-82.5,"Cercyonis pegala",2017
"1725",40.5,-82.5,"Colias eurytheme",2017
"1726",40.5,-82.5,"Colias philodice",2017
"1727",40.5,-82.5,"Danaus plexippus",2017
"1728",40.5,-82.5,"Epargyreus clarus",2017
"1729",40.5,-82.5,"Limenitis archippus",2017
"1730",40.5,-82.5,"Megisto cymela",2017
"1731",40.5,-82.5,"Papilio glaucus",2017
"1732",40.5,-82.5,"Papilio polyxenes",2017
"1733",40.5,-82.5,"Phyciodes tharos",2017
"1734",40.5,-82.5,"Poanes zabulon",2017
"1735",40.5,-82.5,"Polites peckius",2017
"1736",40.5,-82.5,"Polygonia comma",2017
"1737",40.5,-82.5,"Pyrgus communis",2017
"1738",40.5,-82.5,"Speyeria cybele",2017
"1739",40.5,-82.5,"Vanessa atalanta",2017
"1740",40.5,-82.5,"Vanessa cardui",2017
"1741",41.5,-93.5,"Ancyloxypha numitor",2017
"1742",41.5,-93.5,"Asterocampa celtis",2017
"1743",41.5,-93.5,"Atalopedes campestris",2017
"1744",41.5,-93.5,"Cercyonis pegala",2017
"1745",41.5,-93.5,"Colias eurytheme",2017
"1746",41.5,-93.5,"Colias philodice",2017
"1747",41.5,-93.5,"Danaus plexippus",2017
"1748",41.5,-93.5,"Epargyreus clarus",2017
"1749",41.5,-93.5,"Junonia coenia",2017
"1750",41.5,-93.5,"Limenitis archippus",2017
"1751",41.5,-93.5,"Limenitis arthemis astyanax",2017
"1752",41.5,-93.5,"Megisto cymela",2017
"1753",41.5,-93.5,"Nymphalis antiopa",2017
"1754",41.5,-93.5,"Papilio cresphontes",2017
"1755",41.5,-93.5,"Papilio glaucus",2017
"1756",41.5,-93.5,"Papilio polyxenes",2017
"1757",41.5,-93.5,"Phyciodes tharos",2017
"1758",41.5,-93.5,"Pieris rapae",2017
"1759",41.5,-93.5,"Polygonia comma",2017
"1760",41.5,-93.5,"Polygonia interrogationis",2017
"1761",41.5,-93.5,"Speyeria cybele",2017
"1762",41.5,-93.5,"Vanessa atalanta",2017
"1763",41.5,-93.5,"Vanessa cardui",2017
"1764",41.5,-93.5,"Vanessa virginiensis",2017
"1765",41.5,-91.5,"Colias eurytheme",2017
"1766",41.5,-91.5,"Colias philodice",2017
"1767",41.5,-91.5,"Danaus plexippus",2017
"1768",41.5,-91.5,"Epargyreus clarus",2017
"1769",41.5,-91.5,"Megisto cymela",2017
"1770",41.5,-91.5,"Papilio glaucus",2017
"1771",41.5,-91.5,"Papilio polyxenes",2017
"1772",41.5,-91.5,"Phyciodes tharos",2017
"1773",41.5,-91.5,"Pieris rapae",2017
"1774",41.5,-91.5,"Polygonia comma",2017
"1775",41.5,-91.5,"Speyeria cybele",2017
"1776",41.5,-91.5,"Vanessa cardui",2017
"1777",41.5,-88.5,"Ancyloxypha numitor",2017
"1778",41.5,-88.5,"Asterocampa celtis",2017
"1779",41.5,-88.5,"Cercyonis pegala",2017
"1780",41.5,-88.5,"Danaus plexippus",2017
"1781",41.5,-88.5,"Epargyreus clarus",2017
"1782",41.5,-88.5,"Erynnis baptisiae",2017
"1783",41.5,-88.5,"Junonia coenia",2017
"1784",41.5,-88.5,"Limenitis archippus",2017
"1785",41.5,-88.5,"Limenitis arthemis astyanax",2017
"1786",41.5,-88.5,"Megisto cymela",2017
"1787",41.5,-88.5,"Papilio cresphontes",2017
"1788",41.5,-88.5,"Papilio glaucus",2017
"1789",41.5,-88.5,"Papilio polyxenes",2017
"1790",41.5,-88.5,"Phyciodes tharos",2017
"1791",41.5,-88.5,"Pieris rapae",2017
"1792",41.5,-88.5,"Poanes hobomok",2017
"1793",41.5,-88.5,"Polites peckius",2017
"1794",41.5,-88.5,"Polites themistocles",2017
"1795",41.5,-88.5,"Polygonia comma",2017
"1796",41.5,-88.5,"Polygonia interrogationis",2017
"1797",41.5,-88.5,"Speyeria cybele",2017
"1798",41.5,-88.5,"Vanessa atalanta",2017
"1799",41.5,-88.5,"Vanessa cardui",2017
"1800",41.5,-88.5,"Vanessa virginiensis",2017
"1801",41.5,-87.5,"Ancyloxypha numitor",2017
"1802",41.5,-87.5,"Asterocampa celtis",2017
"1803",41.5,-87.5,"Cercyonis pegala",2017
"1804",41.5,-87.5,"Danaus plexippus",2017
"1805",41.5,-87.5,"Epargyreus clarus",2017
"1806",41.5,-87.5,"Erynnis baptisiae",2017
"1807",41.5,-87.5,"Junonia coenia",2017
"1808",41.5,-87.5,"Limenitis archippus",2017
"1809",41.5,-87.5,"Limenitis arthemis astyanax",2017
"1810",41.5,-87.5,"Megisto cymela",2017
"1811",41.5,-87.5,"Papilio cresphontes",2017
"1812",41.5,-87.5,"Papilio glaucus",2017
"1813",41.5,-87.5,"Papilio polyxenes",2017
"1814",41.5,-87.5,"Papilio troilus",2017
"1815",41.5,-87.5,"Phyciodes tharos",2017
"1816",41.5,-87.5,"Pieris rapae",2017
"1817",41.5,-87.5,"Poanes hobomok",2017
"1818",41.5,-87.5,"Poanes zabulon",2017
"1819",41.5,-87.5,"Polites peckius",2017
"1820",41.5,-87.5,"Polites themistocles",2017
"1821",41.5,-87.5,"Polygonia comma",2017
"1822",41.5,-87.5,"Polygonia interrogationis",2017
"1823",41.5,-87.5,"Satyrium calanus",2017
"1824",41.5,-87.5,"Speyeria cybele",2017
"1825",41.5,-87.5,"Vanessa atalanta",2017
"1826",41.5,-87.5,"Vanessa cardui",2017
"1827",41.5,-87.5,"Vanessa virginiensis",2017
"1828",41.5,-85.5,"Colias philodice",2017
"1829",41.5,-85.5,"Danaus plexippus",2017
"1830",41.5,-85.5,"Epargyreus clarus",2017
"1831",41.5,-85.5,"Limenitis archippus",2017
"1832",41.5,-85.5,"Limenitis arthemis astyanax",2017
"1833",41.5,-85.5,"Megisto cymela",2017
"1834",41.5,-85.5,"Papilio glaucus",2017
"1835",41.5,-85.5,"Papilio polyxenes",2017
"1836",41.5,-85.5,"Papilio troilus",2017
"1837",41.5,-85.5,"Phyciodes tharos",2017
"1838",41.5,-85.5,"Pieris rapae",2017
"1839",41.5,-85.5,"Vanessa atalanta",2017
"1840",41.5,-84.5,"Colias philodice",2017
"1841",41.5,-84.5,"Danaus plexippus",2017
"1842",41.5,-84.5,"Epargyreus clarus",2017
"1843",41.5,-84.5,"Limenitis archippus",2017
"1844",41.5,-84.5,"Limenitis arthemis astyanax",2017
"1845",41.5,-84.5,"Megisto cymela",2017
"1846",41.5,-84.5,"Papilio glaucus",2017
"1847",41.5,-84.5,"Papilio troilus",2017
"1848",41.5,-84.5,"Phyciodes tharos",2017
"1849",41.5,-84.5,"Pieris rapae",2017
"1850",41.5,-84.5,"Poanes zabulon",2017
"1851",41.5,-84.5,"Polygonia comma",2017
"1852",41.5,-84.5,"Speyeria cybele",2017
"1853",41.5,-84.5,"Vanessa cardui",2017
"1854",41.5,-83.5,"Colias eurytheme",2017
"1855",41.5,-83.5,"Colias philodice",2017
"1856",41.5,-83.5,"Danaus plexippus",2017
"1857",41.5,-83.5,"Epargyreus clarus",2017
"1858",41.5,-83.5,"Junonia coenia",2017
"1859",41.5,-83.5,"Limenitis archippus",2017
"1860",41.5,-83.5,"Megisto cymela",2017
"1861",41.5,-83.5,"Papilio glaucus",2017
"1862",41.5,-83.5,"Papilio troilus",2017
"1863",41.5,-83.5,"Phyciodes tharos",2017
"1864",41.5,-83.5,"Pieris rapae",2017
"1865",41.5,-83.5,"Polites peckius",2017
"1866",41.5,-83.5,"Polites themistocles",2017
"1867",41.5,-83.5,"Polygonia comma",2017
"1868",41.5,-83.5,"Polygonia interrogationis",2017
"1869",41.5,-83.5,"Pyrgus communis",2017
"1870",41.5,-83.5,"Speyeria cybele",2017
"1871",41.5,-83.5,"Vanessa atalanta",2017
"1872",41.5,-83.5,"Vanessa cardui",2017
"1873",41.5,-83.5,"Vanessa virginiensis",2017
"1874",41.5,-81.5,"Ancyloxypha numitor",2017
"1875",41.5,-81.5,"Cercyonis pegala",2017
"1876",41.5,-81.5,"Colias eurytheme",2017
"1877",41.5,-81.5,"Colias philodice",2017
"1878",41.5,-81.5,"Danaus plexippus",2017
"1879",41.5,-81.5,"Epargyreus clarus",2017
"1880",41.5,-81.5,"Erynnis baptisiae",2017
"1881",41.5,-81.5,"Junonia coenia",2017
"1882",41.5,-81.5,"Limenitis archippus",2017
"1883",41.5,-81.5,"Megisto cymela",2017
"1884",41.5,-81.5,"Nymphalis antiopa",2017
"1885",41.5,-81.5,"Papilio glaucus",2017
"1886",41.5,-81.5,"Papilio polyxenes",2017
"1887",41.5,-81.5,"Papilio troilus",2017
"1888",41.5,-81.5,"Phyciodes tharos",2017
"1889",41.5,-81.5,"Pieris rapae",2017
"1890",41.5,-81.5,"Poanes hobomok",2017
"1891",41.5,-81.5,"Poanes zabulon",2017
"1892",41.5,-81.5,"Polites peckius",2017
"1893",41.5,-81.5,"Polygonia comma",2017
"1894",41.5,-81.5,"Polygonia interrogationis",2017
"1895",41.5,-81.5,"Speyeria cybele",2017
"1896",41.5,-81.5,"Vanessa atalanta",2017
"1897",41.5,-81.5,"Vanessa cardui",2017
"1898",41.5,-81.5,"Vanessa virginiensis",2017
"1899",37.5,-89.5,"Ancyloxypha numitor",2018
"1900",37.5,-89.5,"Asterocampa celtis",2018
"1901",37.5,-89.5,"Danaus plexippus",2018
"1902",37.5,-89.5,"Epargyreus clarus",2018
"1903",37.5,-89.5,"Euptoieta claudia",2018
"1904",37.5,-89.5,"Eurytides marcellus",2018
"1905",37.5,-89.5,"Junonia coenia",2018
"1906",37.5,-89.5,"Limenitis archippus",2018
"1907",37.5,-89.5,"Limenitis arthemis astyanax",2018
"1908",37.5,-89.5,"Megisto cymela",2018
"1909",37.5,-89.5,"Papilio glaucus",2018
"1910",37.5,-89.5,"Papilio polyxenes",2018
"1911",37.5,-89.5,"Papilio troilus",2018
"1912",37.5,-89.5,"Phyciodes tharos",2018
"1913",37.5,-89.5,"Pieris rapae",2018
"1914",37.5,-89.5,"Polygonia comma",2018
"1915",37.5,-89.5,"Polygonia interrogationis",2018
"1916",37.5,-89.5,"Speyeria cybele",2018
"1917",37.5,-89.5,"Vanessa atalanta",2018
"1918",38.5,-90.5,"Asterocampa celtis",2018
"1919",38.5,-90.5,"Colias eurytheme",2018
"1920",38.5,-90.5,"Colias philodice",2018
"1921",38.5,-90.5,"Danaus plexippus",2018
"1922",38.5,-90.5,"Epargyreus clarus",2018
"1923",38.5,-90.5,"Euptoieta claudia",2018
"1924",38.5,-90.5,"Junonia coenia",2018
"1925",38.5,-90.5,"Limenitis arthemis astyanax",2018
"1926",38.5,-90.5,"Papilio cresphontes",2018
"1927",38.5,-90.5,"Papilio glaucus",2018
"1928",38.5,-90.5,"Papilio polyxenes",2018
"1929",38.5,-90.5,"Papilio troilus",2018
"1930",38.5,-90.5,"Phyciodes tharos",2018
"1931",38.5,-90.5,"Polygonia comma",2018
"1932",38.5,-90.5,"Polygonia interrogationis",2018
"1933",38.5,-90.5,"Speyeria cybele",2018
"1934",38.5,-90.5,"Vanessa atalanta",2018
"1935",38.5,-90.5,"Vanessa cardui",2018
"1936",41.5,-93.5,"Cercyonis pegala",2018
"1937",41.5,-93.5,"Colias eurytheme",2018
"1938",41.5,-93.5,"Colias philodice",2018
"1939",41.5,-93.5,"Danaus plexippus",2018
"1940",41.5,-93.5,"Epargyreus clarus",2018
"1941",41.5,-93.5,"Junonia coenia",2018
"1942",41.5,-93.5,"Limenitis archippus",2018
"1943",41.5,-93.5,"Limenitis arthemis astyanax",2018
"1944",41.5,-93.5,"Papilio cresphontes",2018
"1945",41.5,-93.5,"Papilio glaucus",2018
"1946",41.5,-93.5,"Papilio polyxenes",2018
"1947",41.5,-93.5,"Phyciodes tharos",2018
"1948",41.5,-93.5,"Pieris rapae",2018
"1949",41.5,-93.5,"Polygonia interrogationis",2018
"1950",41.5,-93.5,"Speyeria cybele",2018
"1951",41.5,-93.5,"Vanessa atalanta",2018
"1952",41.5,-93.5,"Vanessa cardui",2018
"1953",41.5,-93.5,"Vanessa virginiensis",2018
"1954",41.5,-91.5,"Colias eurytheme",2018
"1955",41.5,-91.5,"Colias philodice",2018
"1956",41.5,-91.5,"Danaus plexippus",2018
"1957",41.5,-91.5,"Phyciodes tharos",2018
"1958",41.5,-91.5,"Pieris rapae",2018
"1959",41.5,-91.5,"Speyeria cybele",2018
"1960",41.5,-90.5,"Ancyloxypha numitor",2018
"1961",41.5,-90.5,"Asterocampa celtis",2018
"1962",41.5,-90.5,"Colias philodice",2018
"1963",41.5,-90.5,"Danaus plexippus",2018
"1964",41.5,-90.5,"Epargyreus clarus",2018
"1965",41.5,-90.5,"Junonia coenia",2018
"1966",41.5,-90.5,"Limenitis arthemis astyanax",2018
"1967",41.5,-90.5,"Papilio glaucus",2018
"1968",41.5,-90.5,"Papilio polyxenes",2018
"1969",41.5,-90.5,"Phyciodes tharos",2018
"1970",41.5,-90.5,"Pieris rapae",2018
"1971",41.5,-90.5,"Polites peckius",2018
"1972",41.5,-90.5,"Speyeria cybele",2018
"1973",41.5,-90.5,"Vanessa atalanta",2018
"1974",41.5,-88.5,"Ancyloxypha numitor",2018
"1975",41.5,-88.5,"Asterocampa celtis",2018
"1976",41.5,-88.5,"Cercyonis pegala",2018
"1977",41.5,-88.5,"Danaus plexippus",2018
"1978",41.5,-88.5,"Epargyreus clarus",2018
"1979",41.5,-88.5,"Erynnis baptisiae",2018
"1980",41.5,-88.5,"Junonia coenia",2018
"1981",41.5,-88.5,"Limenitis archippus",2018
"1982",41.5,-88.5,"Limenitis arthemis astyanax",2018
"1983",41.5,-88.5,"Megisto cymela",2018
"1984",41.5,-88.5,"Nymphalis antiopa",2018
"1985",41.5,-88.5,"Papilio cresphontes",2018
"1986",41.5,-88.5,"Papilio glaucus",2018
"1987",41.5,-88.5,"Papilio polyxenes",2018
"1988",41.5,-88.5,"Phyciodes tharos",2018
"1989",41.5,-88.5,"Pieris rapae",2018
"1990",41.5,-88.5,"Poanes hobomok",2018
"1991",41.5,-88.5,"Polites peckius",2018
"1992",41.5,-88.5,"Polites themistocles",2018
"1993",41.5,-88.5,"Polygonia comma",2018
"1994",41.5,-88.5,"Polygonia interrogationis",2018
"1995",41.5,-88.5,"Satyrium calanus",2018
"1996",41.5,-88.5,"Speyeria cybele",2018
"1997",41.5,-88.5,"Vanessa atalanta",2018
"1998",41.5,-88.5,"Vanessa cardui",2018
"1999",41.5,-88.5,"Vanessa virginiensis",2018
"2000",41.5,-87.5,"Ancyloxypha numitor",2018
"2001",41.5,-87.5,"Cercyonis pegala",2018
"2002",41.5,-87.5,"Danaus plexippus",2018
"2003",41.5,-87.5,"Epargyreus clarus",2018
"2004",41.5,-87.5,"Erynnis baptisiae",2018
"2005",41.5,-87.5,"Junonia coenia",2018
"2006",41.5,-87.5,"Limenitis archippus",2018
"2007",41.5,-87.5,"Limenitis arthemis astyanax",2018
"2008",41.5,-87.5,"Megisto cymela",2018
"2009",41.5,-87.5,"Nymphalis antiopa",2018
"2010",41.5,-87.5,"Papilio cresphontes",2018
"2011",41.5,-87.5,"Papilio glaucus",2018
"2012",41.5,-87.5,"Papilio polyxenes",2018
"2013",41.5,-87.5,"Papilio troilus",2018
"2014",41.5,-87.5,"Phyciodes tharos",2018
"2015",41.5,-87.5,"Pieris rapae",2018
"2016",41.5,-87.5,"Poanes hobomok",2018
"2017",41.5,-87.5,"Poanes zabulon",2018
"2018",41.5,-87.5,"Polites peckius",2018
"2019",41.5,-87.5,"Polygonia comma",2018
"2020",41.5,-87.5,"Polygonia interrogationis",2018
"2021",41.5,-87.5,"Satyrium calanus",2018
"2022",41.5,-87.5,"Satyrium titus",2018
"2023",41.5,-87.5,"Speyeria cybele",2018
"2024",41.5,-87.5,"Vanessa atalanta",2018
"2025",41.5,-87.5,"Vanessa cardui",2018
"2026",41.5,-87.5,"Vanessa virginiensis",2018
"2027",41.5,-85.5,"Ancyloxypha numitor",2018
"2028",41.5,-85.5,"Colias eurytheme",2018
"2029",41.5,-85.5,"Colias philodice",2018
"2030",41.5,-85.5,"Danaus plexippus",2018
"2031",41.5,-85.5,"Epargyreus clarus",2018
"2032",41.5,-85.5,"Limenitis archippus",2018
"2033",41.5,-85.5,"Limenitis arthemis astyanax",2018
"2034",41.5,-85.5,"Papilio cresphontes",2018
"2035",41.5,-85.5,"Papilio glaucus",2018
"2036",41.5,-85.5,"Papilio polyxenes",2018
"2037",41.5,-85.5,"Papilio troilus",2018
"2038",41.5,-85.5,"Phyciodes tharos",2018
"2039",41.5,-85.5,"Pieris rapae",2018
"2040",41.5,-85.5,"Poanes zabulon",2018
"2041",41.5,-85.5,"Polygonia interrogationis",2018
"2042",41.5,-85.5,"Vanessa atalanta",2018
"2043",41.5,-84.5,"Colias philodice",2018
"2044",41.5,-84.5,"Danaus plexippus",2018
"2045",41.5,-84.5,"Epargyreus clarus",2018
"2046",41.5,-84.5,"Limenitis archippus",2018
"2047",41.5,-84.5,"Limenitis arthemis astyanax",2018
"2048",41.5,-84.5,"Megisto cymela",2018
"2049",41.5,-84.5,"Papilio glaucus",2018
"2050",41.5,-84.5,"Phyciodes tharos",2018
"2051",41.5,-84.5,"Pieris rapae",2018
"2052",41.5,-84.5,"Poanes zabulon",2018
"2053",41.5,-84.5,"Polygonia comma",2018
"2054",41.5,-84.5,"Speyeria cybele",2018
